/*_sql_Курсовая работа_____________________

  _База данных_"Сеть агентств недвижимости"
  _________________________________________
   										   

-- 1.	Общее текстовое описание БД и решаемых ею задач.

		Представляю БД, разработанную на основе прогрессивной модели действующей федеральной сети агентств недвижимости.
Особенностями данной модели являются следующие факторы:
- в системе иерархии предусмотрены, по возрастанию, позиции агента (agent), менеджера (manager), директора (director), 
директора по развитию (city_dir) и генерального директора (gen_dir), причем допустимо подчинение минуя звенья, например, 
под руководством директора могут быть как менеджеры, так и агенты напрямую;
- вести договоры (по продаже или покупке объектов недвижимости) может любой сотрудник независимо от должности;
- менеджер или любой вышестоящий руководитель может иметь различные команды в разных офисах и даже городах.

В БД описаны: 
1. Города присутствия (cities),
2. Филиалы/офисы (branches),
3. Штат сотрудников (staff),
4. Должности (positions),
5. Связь сотрудник - офис приписки, и непосредственный руководитель (staff_branches)
PRIMARY KEY (staff_id, branches_id), чтобы не было двух записей о сотруднике и основном офисе, к которому он приписан,
а у непосредственного руководителя (chief_staff_id) могут быть в подчинении и другие сотрудники, и другие офисы.
6. Основные данные сотрудников (profiles),
7. Договоры с клиентами (contracts),
8. Клиенты/собственники или покупатели недвижимости (customers),
9. Объекты недвижимости (real_estate),
10. Типы объектов недвижимости (real_estate_types),
11. Медиаинфо объектов (portfolio)

С помощью представленных заданий реализован основной функционал для комфортной работы с данными о сотрудниках, подчинении и подсетях,
реализована работа с объектами недвижимости в связке с соответствующими договорами, заказчиками и непосредственными исполнителями. 
Реализованы удобные представления и выборки данных, хранимые процедуры и ограничения для ввода корректных значений.
Для проверки вариантов работы БД с различными данными и правильного задания системы подчинения, данные в таблицу staff_branches
задаются случайным образом по алгоритму в соответствующей хранимой процедуре. В редких случаях, после загрузки скриптов создания 
и наполнения БД, в некоторых задачах может наблюдаться маленькое число данных. В таком случае, тестовые задачи возможно повторно
проверить после повторного запуска скриптов создания и наполнения БД.

В дальнейшем будет реализовываться расширение БД и функционал по системе мотивации и расчетов, а также по развитию полноты хранимых данных 
об объектах недвижимости и вариантам их обработки.*/


-- 2, 3.	Количество таблиц - 11. Скрипты создания структуры БД (с первичными ключами, индексами, внешними ключами).

DROP DATABASE IF EXISTS fed_real_estate_ag;
CREATE DATABASE fed_real_estate_ag;
USE fed_real_estate_ag;

DROP TABLE IF EXISTS staff;
CREATE TABLE staff (
	id SERIAL PRIMARY KEY,
	position_id BIGINT UNSIGNED NULL,
    firstname VARCHAR(100),
    lastname VARCHAR(100) COMMENT 'Фамилия',
    email VARCHAR(100) UNIQUE,
    phone BIGINT,
    is_fired bit DEFAULT 0 COMMENT 'Уволен',
    INDEX staff_firstname_lastname_idx(firstname, lastname)
);

DROP TABLE IF EXISTS positions;
CREATE TABLE positions (
	id SERIAL PRIMARY KEY,
	name VARCHAR(100), 			-- 'agent', 'manager', 'director', 'city_dir', 'gen_dir'
	established_at DATETIME DEFAULT CURRENT_TIMESTAMP,
    updated_at DATETIME DEFAULT CURRENT_TIMESTAMP ON UPDATE CURRENT_TIMESTAMP
);

ALTER TABLE staff ADD CONSTRAINT fk_positions_id
    FOREIGN KEY (position_id) REFERENCES positions(id) ON UPDATE CASCADE ON DELETE NO ACTION;

DROP TABLE IF EXISTS profiles;
CREATE TABLE profiles (
	staff_id SERIAL PRIMARY KEY,
    gender CHAR(1),
    birthday DATE,
	photo_filename VARCHAR(100),
	city_id BIGINT UNSIGNED NULL,
    created_at DATETIME DEFAULT CURRENT_TIMESTAMP,
    updated_at DATETIME DEFAULT CURRENT_TIMESTAMP ON UPDATE CURRENT_TIMESTAMP,
    FOREIGN KEY (staff_id) REFERENCES staff(id) ON UPDATE CASCADE ON DELETE CASCADE
);

DROP TABLE IF EXISTS cities;
CREATE TABLE cities(
	id SERIAL PRIMARY KEY,
    name VARCHAR(255),
    created_at DATETIME DEFAULT NOW()
);
    
ALTER TABLE profiles ADD CONSTRAINT fk_cities_id
    FOREIGN KEY (city_id) REFERENCES cities(id) ON UPDATE CASCADE ON DELETE SET NULL;

DROP TABLE IF EXISTS branches;
CREATE TABLE branches(
	id SERIAL PRIMARY KEY,
	office_name VARCHAR(150),
	address VARCHAR(255),
	city_id BIGINT UNSIGNED NULL,
	created_at DATETIME DEFAULT NOW(),
	INDEX office_name_idx(office_name),
	FOREIGN KEY (city_id) REFERENCES cities(id) ON UPDATE CASCADE ON DELETE SET NULL
) COMMENT 'Филиалы';

DROP TABLE IF EXISTS staff_branches;  -- У менеджеров и руководителей может быть более одного офиса. В одном офисе может быть различное число сотрудников и руководителей.
CREATE TABLE staff_branches(
	staff_id BIGINT UNSIGNED NOT NULL,
	branches_id BIGINT UNSIGNED NOT NULL,
    chief_staff_id BIGINT UNSIGNED,
	PRIMARY KEY (staff_id, branches_id), -- Чтобы не было двух записей о сотруднике и основном офисе, к которому он приписан. 
										 -- А у непосредственного руководителя (chief_staff_id) могут быть в подчинении сотрудники и из других офисов.
    FOREIGN KEY (staff_id) REFERENCES staff(id) ON UPDATE CASCADE ON DELETE CASCADE,
    FOREIGN KEY (branches_id) REFERENCES branches(id) ON UPDATE CASCADE ON DELETE CASCADE,
    FOREIGN KEY (chief_staff_id) REFERENCES staff(id) ON UPDATE CASCADE ON DELETE CASCADE
);

DROP TABLE IF EXISTS customers;
CREATE TABLE customers(
	id SERIAL PRIMARY KEY,
    firstname VARCHAR(100),
    lastname VARCHAR(100) COMMENT 'Фамилия',
    email VARCHAR(100) UNIQUE,
    phone BIGINT
);

DROP TABLE IF EXISTS contracts;
CREATE TABLE contracts(
	id SERIAL PRIMARY KEY COMMENT 'Номер договора', 
	staff_id BIGINT UNSIGNED COMMENT 'Специалист по недвижимости',
    status ENUM ('actual', 'done', 'terminated'),
    aim ENUM ('for_sale', 'for_buy'),
    customer_id BIGINT UNSIGNED,
    created_at DATETIME DEFAULT NOW(),
    updated_at DATETIME DEFAULT CURRENT_TIMESTAMP ON UPDATE CURRENT_TIMESTAMP,
    FOREIGN KEY (staff_id) REFERENCES staff(id) ON UPDATE CASCADE ON DELETE SET NULL
    -- FOREIGN KEY (customer_id) REFERENCES customers(id) ON UPDATE CASCADE ON DELETE SET NULL -- отключен в тестовых целях для реализации задачи 6.5.
);

DROP TABLE IF EXISTS real_estate_types;
CREATE TABLE real_estate_types(
	id SERIAL PRIMARY KEY,
    name VARCHAR(255),
    created_at DATETIME DEFAULT NOW()
);   

DROP TABLE IF EXISTS real_estate;
CREATE TABLE real_estate(
	id SERIAL PRIMARY KEY,
    contract_id BIGINT UNSIGNED,
    real_estate_type_id BIGINT UNSIGNED,
    city_id BIGINT UNSIGNED NOT NULL,
    district VARCHAR(255) COMMENT 'Район города',
    street VARCHAR(255) COMMENT 'Улица',
    building VARCHAR(255) COMMENT 'Дом/корпус',
	apartment TINYINT UNSIGNED COMMENT 'Номер квартиры/помещения',
    `square_m^2` FLOAT UNSIGNED COMMENT 'Площадь в м2',
    num_room TINYINT UNSIGNED COMMENT 'Сколько комнат',
    `floor` TINYINT UNSIGNED COMMENT 'Этаж',
    price DECIMAL (12,2) COMMENT 'Цена',
    notes TEXT COMMENT 'Примечания',
    created_at DATETIME DEFAULT NOW(),
    updated_at DATETIME DEFAULT CURRENT_TIMESTAMP ON UPDATE CURRENT_TIMESTAMP,
    FOREIGN KEY (contract_id) REFERENCES contracts(id) ON UPDATE CASCADE ON DELETE SET NULL,
    FOREIGN KEY (real_estate_type_id) REFERENCES real_estate_types(id) ON UPDATE CASCADE ON DELETE SET NULL,
    FOREIGN KEY (city_id) REFERENCES cities(id) ON UPDATE CASCADE ON DELETE NO ACTION 
);

DROP TABLE IF EXISTS portfolio;
CREATE TABLE portfolio(
	id SERIAL PRIMARY KEY,
	real_estate_id BIGINT UNSIGNED NOT NULL,
    file_type VARCHAR(255),
    filename VARCHAR(255),
    `size` INT,
    created_at DATETIME DEFAULT NOW(),
    updated_at DATETIME DEFAULT CURRENT_TIMESTAMP ON UPDATE CURRENT_TIMESTAMP,
    FOREIGN KEY (real_estate_id) REFERENCES real_estate(id) ON UPDATE CASCADE ON DELETE CASCADE
);

-- 4.	ERDiagram для БД.

-- Файл sql_coursework_fed_real_estate_ag.mwb прилагается.

-- 5.	Скрипты наполнения БД данными.

INSERT INTO `positions` VALUES 
(1,'agent','2020-11-08 08:56:18','2020-12-04 00:29:16'),
(2,'manager','2020-06-16 06:54:32','2020-12-22 20:27:34'),
(3,'director','2020-10-17 09:34:52','2020-12-27 12:48:59'),
(4,'city_dir','2020-03-09 12:29:08','2020-04-14 10:52:50'),
(5,'gen_dir','2020-04-18 00:12:19','2020-09-17 13:24:35');

INSERT INTO `cities` VALUES 
(1,'N.Novgorod','1976-04-29 08:55:46'),
(2,'Moscow','1984-07-01 14:39:22'),
(3,'Kazan','1981-08-24 05:21:07'),
(4,'Samara','2015-12-07 21:16:22'),
(5,'Rostov-na-donu','1990-06-30 03:04:29'),
(6,'Saratov','1978-06-21 16:50:21'),
(7,'Perm','1992-06-21 09:41:12'),
(8,'Ufa','2001-12-19 22:11:09'),
(9,'Voronezh','1997-04-19 20:56:27'),
(10,'Tolyatti','1976-05-31 00:52:25');

INSERT INTO `branches` VALUES 
(1,'Mechta','4539 Harvey Mill\nVeumton, VT 36459-0437',5,'1977-06-04 13:50:51'),
(2,'Legros','392 Tyson Isle\nSimonisfurt, WI 52024-7052',2,'1990-02-01 22:10:58'),
(3,'Hilpert','300 Doyle Junctions Apt. 888\nAdellmouth, ND 84143',6,'1998-06-12 15:47:24'),
(4,'Flagman','23849 Jalyn Curve Suite 661\nRyanside, 25935-3443',8,'1985-06-19 18:42:50'),
(5,'Gulgowski','11682 Reymundo Road Suite 346\nPort Lily, MA 98322',9,'2018-10-04 21:23:37'),
(6,'Zvezda','04142 Jamey River\nNorwoodburgh, 67058-9701',8,'1990-07-16 12:05:42'),
(7,'Lindgren','693 Ella Route Apt. 495\nAntoniobury, MI 26241',7,'2015-03-08 05:34:28'),
(8,'Nicolas','119 Pacocha Loaf Suite 156\nSouth Leilaview, UT 12756-1116',6,'1985-09-30 14:25:58'),
(9,'Stehr','2032 Nathanael Unions\nStevietown, NE 43807',7,'2012-06-15 04:48:00'),
(10,'Raketa','276 Mollie Mill Apt. 065\nLake Reeseburgh, TX 41941',1,'2020-05-03 17:11:51'),
(11,'Zvezda','30680 Connelly Center\nAbigayletown, WA 76895-8268',6,'1979-01-21 11:14:56'),
(12,'Lockman','80284 Daisy Greens Suite 243\nPeytonport, OK 29622-3487',5,'1979-07-19 07:49:06'),
(13,'Leuschke, Heidenreich and O\'Conner','05880 Carmela Mountains\nWest Granville, WY 07443-3950',10,'1977-08-12 08:43:09'),
(14,'Funk','66928 Deondre Inlet Apt. 670\nChanelburgh, HI 11524',10,'1996-08-20 06:01:28'),
(15,'Runolfsson','7510 Turcotte Coves\nWest Humbertochester, TN 88766',7,'1978-06-02 01:55:31'),
(16,'Nader','59916 Homenick Shoal Apt. 975\nTravonfort, MI 07564-9384',9,'1997-11-21 18:15:58'),
(17,'Vandervort','10135 Kris Throughway Apt. 973\nEast Mossieside, PA 77696',9,'2012-07-22 01:39:55'),
(18,'Centr','2629 Mante Mountain Apt. 425\nTillmanbury, 57433',8,'1977-03-03 00:44:02'),
(19,'Veum','7949 Kenyatta Lakes\nHardyshire, NM 40247',7,'1987-06-06 12:43:07'),
(20,'Group','416 Beier Crescent\nEast Leanne, CT 07766-6175',5,'1978-01-25 20:07:02');

INSERT INTO `staff` VALUES 
(1,5,'Martin','Ryan','pierce.altenwerth@example.org',9946625268,'\0'),
(2,1,'Dolores','Bashirian','glangosh@example.net',9148393176,'\0'),
(3,1,'Raymundo','Goldner','mgibson@example.com',9712050807,1),
(4,4,'Cleo','Reichel','kara09@example.com',9998657880,'\0'),
(5,1,'Deshaun','Lemke','qkris@example.net',9113711365,1),
(6,3,'William','Runte','kristofer46@example.net',9564820631,'\0'),
(7,3,'Hipolito','Conroy','ubuckridge@example.com',9161882618,'\0'),
(8,1,'Taya','Lehner','carroll.gleason@example.org',9036179929,1),
(9,2,'Kurt','Considine','aschuster@example.org',9884890899,'\0'),
(10,1,'Susanna','Greenfelder','pzieme@example.org',9523133635,'\0'),
(11,2,'Amari','Schaden','alexandria95@example.org',9070336287,1),
(12,5,'Marietta','Williamson','qcormier@example.com',9863194006,'\0'),
(13,3,'Wilburn','Flatley','qmedhurst@example.org',9376220142,'\0'),
(14,5,'Darius','Hirthe','jaquan.ullrich@example.com',9617854673,'\0'),
(15,3,'Zachary','Leuschke','francesca.klocko@example.net',9962177974,'\0'),
(16,1,'Madie','Feil','ward.koch@example.org',9761633444,'\0'),
(17,3,'Ethyl','Leuschke','lela25@example.net',9118776744,'\0'),
(18,5,'Terrill','DuBuque','orn.jaylon@example.com',9730949793,'\0'),
(19,5,'Willy','Muller','tromp.kayli@example.com',9924541735,'\0'),
(20,2,'Otha','Beahan','deshaun85@example.org',9997398390,'\0'),(21,3,'Gregory','Dickinson','hertha22@example.org',9777776325,'\0'),(22,2,'Orlando','O\'Reilly','john.keebler@example.com',9372564404,'\0'),(23,5,'Mikayla','Schulist','eden.tillman@example.org',9132335494,'\0'),(24,5,'Clement','Spencer','kaia.padberg@example.net',9846065003,'\0'),(25,1,'Garnett','Ratke','zdickinson@example.com',9623179024,'\0'),(26,1,'Brooks','Murphy','orlando.bechtelar@example.org',9780685816,'\0'),(27,4,'Isabelle','Hane','rosemary.mraz@example.org',9604608114,'\0'),(28,1,'Norval','Leuschke','noel27@example.com',9428874743,'\0'),(29,4,'Titus','Hagenes','cody28@example.com',9573049047,'\0'),(30,2,'Tyreek','Connelly','kamryn.beatty@example.org',9436763826,'\0'),(31,2,'Jo','Barrows','laney02@example.com',9889558981,'\0'),(32,2,'Myra','Hessel','atoy@example.com',9582759103,'\0'),(33,5,'Nicholas','Pollich','robel.cloyd@example.org',9438852191,'\0'),(34,5,'Leonel','Kozey','ikling@example.net',9937571400,'\0'),(35,1,'Francesco','Swaniawski','waters.adolph@example.net',9523887638,'\0'),(36,3,'Jermain','Runolfsdottir','syble10@example.com',9652945883,'\0'),(37,1,'Declan','Murray','wbergnaum@example.net',9777347081,'\0'),(38,5,'Rafaela','Powlowski','jaskolski.brett@example.org',9886653366,'\0'),(39,1,'Angelina','Kilback','chester.von@example.org',9015026768,'\0'),(40,5,'Baby','Little','o\'kon.jeffry@example.com',9541472645,'\0'),(41,2,'Domingo','Torphy','zboehm@example.org',9932320890,'\0'),(42,3,'Gianni','Baumbach','ldurgan@example.org',9346379109,'\0'),(43,1,'Carlotta','Grady','zemlak.alberta@example.net',9818180156,'\0'),(44,2,'Dustin','Herzog','ankunding.keyon@example.com',9197937329,'\0'),(45,1,'Helen','Parisian','mbashirian@example.org',9253510646,'\0'),(46,2,'Edythe','Harber','deckow.daryl@example.net',9153866373,'\0'),(47,1,'Colton','Boyle','goodwin.isaiah@example.com',9043043648,'\0'),(48,1,'Foster','Kohler','rosenbaum.kellen@example.com',9506193805,'\0'),(49,3,'Alayna','Weimann','dreinger@example.org',9794713153,'\0'),(50,5,'Nayeli','Jerde','tyrique.olson@example.com',9050070588,'\0'),(51,5,'Gaylord','Legros','nklocko@example.org',9131764445,'\0'),(52,4,'Dashawn','Jacobson','sawayn.abdul@example.org',9643768123,'\0'),(53,3,'Lexi','Stehr','elenora39@example.org',9407239256,'\0'),(54,1,'Talon','Erdman','joseph.ankunding@example.com',9703582179,'\0'),(55,3,'Krista','Kunde','patricia48@example.org',9324595033,'\0'),(56,2,'Verla','Treutel','maggie.gleichner@example.net',9100195084,'\0'),(57,2,'Orville','Considine','lonnie14@example.net',9511379192,'\0'),(58,1,'Ludie','Rolfson','gziemann@example.net',9450244033,'\0'),(59,3,'Patrick','Bernhard','araceli.harris@example.com',9839212514,'\0'),(60,1,'Nia','Adams','bailee.pouros@example.net',9476089408,'\0'),(61,5,'Dallin','Nitzsche','imraz@example.com',9839899367,'\0'),(62,1,'Glen','Legros','jaylen41@example.com',9737321040,'\0'),(63,2,'Anissa','Flatley','smayer@example.com',9847811565,'\0'),(64,3,'Marisa','Towne','douglas.shaylee@example.com',9964796609,'\0'),(65,5,'Enos','Turcotte','kuvalis.vicente@example.com',9458110860,'\0'),(66,1,'Britney','Beatty','kunze.sherman@example.net',9596484094,'\0'),(67,5,'Renee','Terry','carlotta63@example.org',9559019643,'\0'),(68,2,'Chanelle','Gerhold','linwood.franecki@example.net',9742078495,'\0'),(69,1,'Merlin','Wilderman','moen.rosemary@example.org',9858255819,'\0'),(70,5,'Keira','Mertz','o\'connell.katelynn@example.com',9253109198,'\0'),(71,2,'Tyreek','Schinner','olehner@example.com',9869721263,'\0'),(72,5,'Gwen','Ernser','luna39@example.org',9510264825,'\0'),(73,1,'Nicolas','Beier','ramon54@example.com',9887987035,'\0'),(74,3,'Jedediah','Kilback','eryn.gulgowski@example.org',9489733068,'\0'),(75,4,'Helena','Leffler','wo\'conner@example.org',9857690802,'\0'),(76,4,'Maud','Lehner','bartell.jennifer@example.net',9279880771,'\0'),(77,3,'Brandon','Mueller','okuphal@example.com',9232135007,'\0'),(78,2,'Tre','Kreiger','terry.keeling@example.org',9480226675,'\0'),(79,2,'Rodrigo','Donnelly','corwin.dorcas@example.org',9066142749,'\0'),(80,5,'Amalia','Kovacek','margot27@example.com',9049997468,'\0'),(81,3,'Dortha','Satterfield','deven.wyman@example.net',9889595557,'\0'),(82,1,'Abby','Daugherty','wgoodwin@example.com',9918646903,'\0'),(83,3,'Gus','Schmeler','pgutmann@example.com',9302157491,'\0'),(84,3,'Helga','Goldner','dthiel@example.com',9105250296,'\0'),(85,4,'Isidro','Bogan','mkuphal@example.net',9121196797,'\0'),(86,4,'Jamaal','Witting','fmoen@example.net',9249161734,'\0'),(87,5,'Delta','Reynolds','kaelyn.runolfsdottir@example.net',9801633260,'\0'),(88,1,'Leif','Stamm','dgreenfelder@example.net',9718980395,'\0'),(89,2,'Nicola','Beahan','frice@example.com',9458819933,'\0'),(90,5,'Kallie','Lakin','vkonopelski@example.com',9934862811,'\0'),(91,4,'Jody','Hills','lisandro62@example.com',9109504741,'\0'),(92,1,'Katelyn','Reichert','jessyca.gorczany@example.org',9694177736,'\0'),(93,4,'Audie','Ondricka','zander53@example.com',9502666543,'\0'),(94,2,'Mabel','Kuphal','mante.lisa@example.com',9401646642,'\0'),(95,5,'Sam','Bartoletti','vada.gutkowski@example.org',9348708220,'\0'),(96,3,'Franco','Towne','dorcas56@example.org',9810260959,'\0'),(97,1,'Rylan','Balistreri','ahaag@example.org',9182804504,'\0'),(98,1,'Justen','Nicolas','thad12@example.com',9523672567,'\0'),(99,5,'Peggie','Bergstrom','wilson56@example.net',9942172570,'\0'),(100,5,'Breana','Howe','nicolette.russel@example.net',9286192731,'\0');

UPDATE `staff`
	SET position_id = 1
	WHERE position_id = 5 AND id <> 1;  -- только один генеральный директор

INSERT INTO `profiles` VALUES 
(1,'m','1973-08-01','tmp//52dec5e12a246a8723061a164e78b43b.jpg',2,'1988-03-17 05:21:56','2016-03-11 04:00:12'),
(2,'f','2007-10-18','tmp//436bbcef1a51d229fe8ecb27ccc28d90.jpg',10,'2006-09-24 18:19:42','1994-02-23 20:26:45'),
(3,'f','2010-11-22','tmp//852bed7068d664bc6479767900bf6a82.jpg',6,'1995-04-16 15:59:00','2016-05-31 13:10:50'),
(4,'f','2009-03-03','tmp//d56018441dec63e86095b409dd9d0268.jpg',8,'1999-09-10 21:09:18','2003-01-30 00:56:12'),
(5,'m','1983-06-27','tmp//23c93a5410142470664cc16c1018e462.jpg',4,'1984-10-16 10:23:15','1988-08-03 23:44:29'),
(6,'m','1970-04-18','tmp//3c4ce048351605672563711fb657345b.jpg',5,'2014-01-07 03:15:58','2012-09-07 00:00:47'),
(7,'m','1983-07-07','tmp//413e33e7d773828c097d8c46ccb15c07.jpg',1,'1976-01-26 10:29:19','1999-05-17 02:01:00'),
(8,'m','2010-05-12','tmp//74ae378ca2424f0bb501aaa159a7a10f.jpg',1,'1985-09-28 12:07:21','1994-12-09 05:21:39'),
(9,'m','1999-11-22','tmp//de67ea6cd8d270ef198b929a59ae661d.jpg',4,'1970-07-04 05:15:55','2009-06-27 22:52:50'),
(10,'f','2013-05-11','tmp//a20ed1073bf7e59641826a0ed575b7e9.jpg',6,'1986-02-13 02:32:36','1988-05-12 17:46:41'),
(11,'f','1989-04-27','tmp//1c644d852676adc338b02cd162a77ea3.jpg',5,'1980-08-11 06:49:34','2009-05-31 17:46:32'),
(12,'m','2002-01-06','tmp//ba82d57df426a570a4de70019a8ada64.jpg',6,'1987-04-30 03:31:10','1974-12-04 13:55:37'),
(13,'m','1992-12-21','tmp//bf6887565bd04d385524e7a39a215f35.jpg',8,'2020-07-17 17:08:59','2009-01-26 20:39:28'),
(14,'m','2013-01-21','tmp//04b2375d8a5ebe87a39b0c7184d4b564.jpg',3,'1978-04-12 23:15:09','1972-04-17 14:34:05'),
(15,'m','1994-10-23','tmp//f0aaa71599706763bf83edf5e5348706.jpg',10,'1996-11-03 00:32:36','1990-11-08 22:59:35'),
(16,'m','2011-04-10','tmp//5084c08f22f748694c2b82d8525d3c4b.jpg',3,'1984-04-13 18:43:21','2009-04-10 12:04:22'),
(17,'m','2015-05-10','tmp//cb599480e7b718eaf862bb875fe1f955.jpg',9,'1995-08-01 22:48:27','1979-08-08 10:03:31'),
(18,'m','1995-03-21','tmp//6e60be1466fcb8544b447bdee474eb32.jpg',7,'2006-06-16 05:19:29','1984-01-04 18:34:04'),
(19,'m','2007-01-11','tmp//e755e451baed2a5d1876d17373a91be0.jpg',4,'2001-12-28 08:13:09','2005-07-16 18:45:09'),
(20,'f','1975-07-17','tmp//66055e14b10fc200e7a582a8f0fbe3d1.jpg',10,'2018-01-26 12:17:52','1990-01-18 22:44:14'),(21,'m','2008-10-02','tmp//9df7955c546118a12e53766bcb7daf6e.jpg',1,'1994-12-18 18:49:13','1993-12-03 15:25:14'),(22,'m','1973-04-21','tmp//7df57a60ad498a509705e1672dc4e039.jpg',4,'2016-09-18 07:00:38','2016-11-28 23:24:37'),(23,'f','1979-05-14','tmp//60ec466f88056bc36bb54fc68616244a.jpg',9,'1985-06-25 08:47:18','2000-08-03 07:45:17'),(24,'m','2003-04-08','tmp//6bd41ed5c05c3a6ca852cb5279c0cedc.jpg',3,'1978-03-19 22:44:49','1976-08-24 00:52:38'),(25,'m','2012-02-04','tmp//81502ada7e8e089e1c1dd6c68d04a00b.jpg',10,'1995-12-13 02:10:30','1987-11-14 07:23:39'),(26,'f','1991-06-22','tmp//86ed0e07206c5e2d683d27715aae460a.jpg',7,'1978-12-14 15:31:50','1996-03-24 13:18:43'),(27,'f','1993-09-29','tmp//0590996c86ab0c86dbc75dbbb7f1898c.jpg',5,'2017-03-05 23:27:56','2014-07-04 23:12:58'),(28,'m','1975-01-13','tmp//090a0b2be02e9bb98819e4c331361a2c.jpg',4,'1971-06-03 22:28:07','2015-09-18 23:11:55'),(29,'m','1994-05-23','tmp//002bea90c1b296cfd7128013bf00460b.jpg',3,'1988-08-15 11:28:12','1975-04-11 16:28:33'),(30,'m','2000-09-10','tmp//e64f0cb47406bf65563c6f3503594f9b.jpg',7,'1988-02-03 07:39:02','2011-06-10 16:27:09'),(31,'m','1980-10-24','tmp//924ac6d6ed96327c829c722fb0129222.jpg',8,'1985-05-19 10:16:54','1972-10-19 23:08:29'),(32,'m','1971-08-07','tmp//579544bc8ad23fa0caffe9bf65a43327.jpg',10,'2017-03-30 17:57:11','1980-02-26 07:16:20'),(33,'f','2010-05-23','tmp//443a8bedf3fa4417b19b3b205ea432dc.jpg',8,'1996-10-25 14:13:49','1990-01-29 07:00:38'),(34,'m','1997-11-15','tmp//593f6b275dc1ab81957ae6b335553f1e.jpg',8,'1989-07-06 11:54:44','2002-11-23 03:51:36'),(35,'f','1971-11-30','tmp//7f71ff00f88226511e89d42b121a11b9.jpg',8,'1971-11-14 23:13:21','1982-10-24 18:18:17'),(36,'m','1988-03-23','tmp//3ea4a89e2d273824cf8f370d463276e2.jpg',1,'1980-06-21 08:02:51','1999-03-18 07:56:31'),(37,'f','2012-03-01','tmp//4ea82eca54ddd6f9afabf690365eae80.jpg',6,'1982-12-10 16:14:37','1987-12-17 10:38:52'),(38,'m','2006-05-25','tmp//5cbab92386e44f0c5a587f1952a622d1.jpg',3,'1972-02-11 16:28:24','2008-06-13 07:18:04'),(39,'m','2000-12-28','tmp//7c34bd85203258252ff695d086be3abd.jpg',5,'1995-12-31 15:36:55','2013-11-04 20:27:16'),(40,'m','1976-07-04','tmp//e2df48c558df5d77f3b5440fe899a350.jpg',8,'2004-01-03 19:35:41','2017-01-27 00:45:41'),(41,'m','2001-11-12','tmp//d36548b5ab057a8249d793fe7e33a030.jpg',9,'1999-06-26 15:01:05','1976-02-03 03:10:57'),(42,'f','1971-11-28','tmp//0bff803bbb1f7243c596cf169b5f9874.jpg',2,'2002-10-26 20:00:03','1977-05-21 12:08:56'),(43,'m','1986-11-20','tmp//4ac5c71227a0acb01fd9beb53d9de357.jpg',5,'1999-10-17 13:59:46','2012-07-02 00:31:49'),(44,'f','1982-06-07','tmp//d2877d00bbbda4808d84cbc16af611b9.jpg',9,'1997-05-02 18:16:58','1988-05-09 11:51:42'),(45,'m','2012-10-09','tmp//c3111be9c0e001279251e8325269dda9.jpg',8,'1981-05-03 18:15:14','2020-02-15 09:40:10'),(46,'f','2019-09-13','tmp//40d2321d5d491d0ec97c90114a441275.jpg',5,'1988-03-08 08:32:15','2011-04-27 11:42:25'),(47,'f','2017-06-05','tmp//ac7b0354d7feb9e8c9fef6bb0df0fd83.jpg',4,'1988-03-01 05:23:46','1986-12-09 09:58:38'),(48,'f','1993-10-21','tmp//1e59254b8c6f228af47570423623c278.jpg',5,'1971-06-07 17:39:01','2013-01-22 16:41:35'),(49,'f','2008-11-05','tmp//42d592dfcac6014edae534e6afea6d02.jpg',1,'1971-10-12 02:36:55','1979-03-23 10:24:24'),(50,'f','1978-03-10','tmp//357a9ef9916f0415914da28169188aa9.jpg',5,'2006-12-28 20:12:57','2008-08-13 18:42:31'),(51,'m','1976-04-05','tmp//761b4fa36bef4f5dda15e5ece10fd4fc.jpg',3,'2003-04-26 06:49:36','1991-06-14 19:20:58'),(52,'f','1989-06-15','tmp//97ca1364c7bc72b78e432bb1b149d6fc.jpg',2,'2013-10-01 07:35:17','1993-07-16 21:52:53'),(53,'m','1994-04-07','tmp//b1494635d65a0ae0abb3e615259431d5.jpg',5,'1996-04-03 03:26:29','2000-02-07 00:50:35'),(54,'f','1988-10-21','tmp//5245599d0f2ec216cab0e28641485c7a.jpg',3,'1978-05-10 19:23:47','1995-09-18 03:59:37'),(55,'m','2013-02-08','tmp//8caee117f76a0e007ce5c23acfa2dc02.jpg',2,'2017-12-26 17:15:40','1970-03-16 15:05:02'),(56,'f','2001-10-26','tmp//6d6bbdf373c5588ab42b3bfaf1ac90fd.jpg',6,'1999-12-31 11:51:17','2003-08-22 17:44:05'),(57,'f','2005-04-09','tmp//18721134d20b11b662f32abd01f8cd9d.jpg',2,'1989-12-02 10:11:01','1975-04-03 10:21:59'),(58,'f','2000-03-24','tmp//0cc6cbbfd8e71f0883a3fc5b11dee403.jpg',7,'2010-12-23 01:52:09','1994-07-21 01:25:28'),(59,'m','1990-12-26','tmp//dfa5ecf0b529f7713b3145a49e367a8e.jpg',2,'1988-05-17 00:26:34','2018-01-01 03:37:23'),(60,'m','2015-03-03','tmp//329a3de027ead65a38d13efe75a74838.jpg',2,'1978-10-25 03:02:39','1982-09-27 03:16:16'),(61,'m','2009-06-25','tmp//203998532c80155d79243f18e8a5ad85.jpg',7,'1988-01-31 02:30:12','1991-12-19 15:18:41'),(62,'m','1980-03-27','tmp//0bc351d50ff8a5b563c98e16911c0c69.jpg',7,'1993-05-07 22:20:30','1989-11-01 10:24:10'),(63,'m','1997-10-18','tmp//b52b229ddefeb7a1b47bf7848d3abd49.jpg',10,'2001-10-16 11:37:52','2004-10-15 06:27:39'),(64,'f','1988-02-29','tmp//f5555592873659424de04cb7a13c40bc.jpg',5,'2011-12-06 17:38:51','1981-02-17 06:25:06'),(65,'m','1984-09-15','tmp//954be3ba34df1f03238f6a84ef762468.jpg',8,'2019-01-19 14:20:10','2007-10-04 07:38:10'),(66,'f','1994-03-14','tmp//e3b95eec80717be6b3d91dbd99aabbb8.jpg',2,'2008-09-30 13:18:18','2012-08-26 16:39:05'),(67,'m','1997-09-04','tmp//df2d634312c9e6e583e2fdb8fb156827.jpg',2,'1985-04-01 10:21:03','1990-06-04 13:09:10'),(68,'m','2009-03-30','tmp//462fdcc0ce88fbe884d80d1d61dfe347.jpg',1,'1981-11-29 18:58:16','2001-11-20 00:59:29'),(69,'m','1985-06-05','tmp//1fb8a5e076fbba1f8012f1affdd08b3a.jpg',10,'1993-06-11 06:38:48','1972-06-06 03:33:35'),(70,'m','2001-03-21','tmp//4769f85e0a89bdbcffacca6c2f86471d.jpg',10,'2011-08-15 21:46:25','1971-01-23 21:44:37'),(71,'m','2000-01-20','tmp//af24034d1e1b99701718aad1ad707a38.jpg',3,'1991-09-07 09:20:03','1989-10-19 06:17:42'),(72,'m','1989-02-01','tmp//bb45ae8d3ab3cdc3516127f847e286bb.jpg',2,'2005-12-12 07:52:48','1978-01-06 13:38:33'),(73,'m','1983-08-29','tmp//0257a8c0e7d7799f5f724759a6c88561.jpg',1,'1985-05-17 09:40:49','2020-10-15 09:29:48'),(74,'m','2018-08-25','tmp//6b76b8a39b7c6286708df51728748e1f.jpg',4,'2015-08-05 11:35:56','2006-09-28 05:44:03'),(75,'m','1985-12-12','tmp//02574659cf4177930e7c6584ab1d76b1.jpg',8,'1973-04-05 03:41:09','1989-09-04 06:59:35'),(76,'f','1970-04-10','tmp//85ef2016728f024c897449c0f0516ddb.jpg',5,'1991-07-15 11:20:23','1989-09-30 21:33:47'),(77,'f','2001-03-27','tmp//8c02f665a6df20db2a6eb67ddc1a27bc.jpg',4,'2011-06-06 23:18:17','2002-08-08 10:06:01'),(78,'m','2017-01-17','tmp//6bf1b02f107f67ac484fa824d95d609d.jpg',3,'2011-04-21 02:56:53','2004-09-26 16:50:30'),(79,'m','1978-02-03','tmp//2b084b8a3cf9f3dbec5a54603d12a4ba.jpg',5,'1981-07-23 23:59:21','2011-06-08 01:48:16'),(80,'m','1982-12-16','tmp//0561e84c9160b2f5e8f531fc028d919c.jpg',4,'2019-07-06 05:23:44','1990-03-12 07:00:03'),(81,'f','1997-01-01','tmp//039b881ceab5d25a592eaa38789681d6.jpg',7,'1986-07-10 18:57:01','1986-11-25 23:46:19'),(82,'m','1971-11-24','tmp//0cd45a4f9fd662899de02ab226bf495f.jpg',9,'2006-09-30 09:11:07','2011-01-01 20:19:53'),(83,'m','1971-01-05','tmp//64fc72d05f8f6cd3ddb7aee098d89b1f.jpg',5,'2000-10-06 16:46:52','2004-10-05 21:11:21'),(84,'m','2008-05-01','tmp//add11402c3c8cd7ad50769d7d6105f12.jpg',3,'1990-05-02 16:56:00','1981-06-03 02:25:40'),(85,'f','2004-07-28','tmp//daa50b442176c16fbb254dffafe458a9.jpg',3,'2009-07-01 22:04:15','1985-09-22 11:37:25'),(86,'m','1977-01-04','tmp//e4c229464fcb366f879043ba6c77933a.jpg',9,'2011-12-09 08:03:55','1993-08-27 20:36:25'),(87,'m','1984-06-10','tmp//fb4c55511122388f4d42668065f28be4.jpg',1,'1971-04-06 06:43:20','2006-01-25 16:06:19'),(88,'m','2009-07-03','tmp//f19ee36e3a45d9ec4cf5716abbb8306e.jpg',9,'1976-11-13 12:21:42','1995-03-17 08:40:09'),(89,'m','1973-02-13','tmp//8caf044c839f76ad73165f20e6c7a450.jpg',8,'2016-02-07 18:43:32','2010-09-21 06:55:43'),(90,'m','1998-06-18','tmp//42c362746b2e9d4103b98980e2d54d9c.jpg',2,'1993-05-18 03:44:34','2003-09-02 11:53:52'),(91,'m','1970-05-23','tmp//9972c899665f1f762fac4979e8831e10.jpg',2,'2012-12-24 13:46:43','2000-10-10 22:43:19'),(92,'f','1971-08-09','tmp//7a18c4d8886f85543070a8e4b4ba4c54.jpg',6,'1980-12-11 07:51:17','1988-11-27 12:35:01'),(93,'f','1994-09-22','tmp//16cd6566b1cb3639e604690878720212.jpg',5,'2001-08-05 04:42:06','1985-04-03 14:24:29'),(94,'f','1981-08-09','tmp//5464c443b629269d4e23c245e07d90ba.jpg',2,'2014-09-25 01:20:29','1979-11-05 22:24:52'),(95,'f','2003-12-15','tmp//378087c21fe2b45c8590932bf33caab7.jpg',7,'2003-10-02 15:27:32','2003-05-30 18:52:16'),(96,'f','2017-04-27','tmp//292649577f71f2490b7c4b13016fe8bf.jpg',9,'2021-05-27 20:48:19','1977-06-20 17:15:57'),(97,'f','1985-01-09','tmp//d1e3c4946ab6920edfc9c0c60dc2e326.jpg',5,'1986-06-11 23:37:19','1977-07-23 09:33:11'),(98,'f','1985-05-28','tmp//a882dc4cdf70328790ea237bef4c74ad.jpg',1,'1970-11-24 18:46:11','2009-01-01 04:47:47'),(99,'f','1994-01-20','tmp//82877b489d4217523bb9377da93d7c3f.jpg',7,'1980-09-21 21:59:39','2002-11-16 09:57:07'),(100,'f','1970-06-24','tmp//54a885587965563f8bbf7893049c0f33.jpg',5,'1970-07-20 17:20:13','2013-05-19 15:23:30');

DROP PROCEDURE IF EXISTS staff_branches_100; -- Процедура для вставки записей в staff_branches, при условии, что равный не может руководить равными или вышестщящими.
DELIMITER //
CREATE PROCEDURE staff_branches_100 (num INT)
BEGIN
	DECLARE i INT DEFAULT 1;
	WHILE i <= num DO
		INSERT INTO staff_branches VALUES 
		(i, (SELECT FLOOR(RAND()*20) + 1), (SELECT id FROM staff WHERE (position_id > (SELECT position_id FROM staff WHERE id = i)) AND id != i ORDER BY RAND() LIMIT 1));
		SET i = i + 1;
	END WHILE;
END //
DELIMITER ;
SET @num = 100;
CALL staff_branches_100(@num);

INSERT INTO `customers` VALUES 
(2,'Eddie','Hodkiewicz','irau@example.com',9162215201),
(3,'Clinton','Kshlerin','alphonso51@example.com',9404880143),
(4,'Erika','O\'Reilly','opal81@example.org',9947414049),
(5,'Alberta','Mayer','estrella30@example.com',9327784098),
(6,'Donavon','Gutmann','wilkinson.beulah@example.org',9996447874),
(7,'Antonietta','Brekke','efranecki@example.org',9199702548),
(8,'Ole','Bednar','fsatterfield@example.com',9158784285),
(9,'Madaline','Hintz','schmeler.floyd@example.net',9599335938),
(10,'Lexus','Smitham','wyman.lonzo@example.com',9090047563),
(11,'Randall','Green','federico64@example.com',9492663741),
(12,'Howard','Pollich','abernathy.malvina@example.com',9583173684),
(13,'Kamryn','Batz','larry83@example.org',9547882897),
(14,'Shanon','Predovic','klein.armando@example.com',9302182173),
(15,'Weldon','Roberts','koss.brock@example.org',9766463635),
(16,'Carole','O\'Reilly','mertz.barry@example.org',9891688762),
(17,'Clint','Konopelski','boyd76@example.org',9329038029),
(18,'Claudia','Bartoletti','msmitham@example.com',9631946181),
(19,'Hailee','Skiles','max.fadel@example.com',9535483847),
(20,'Laura','Towne','beatty.humberto@example.org',9112010957),(21,'Kathlyn','Walker','hackett.sofia@example.net',9963796191),(22,'Alycia','Howell','carolyn.nolan@example.net',9391464672),(23,'Jakayla','Gutmann','yherzog@example.org',9221427467),(24,'Odie','Wiza','romaguera.jesse@example.com',9856896230),(25,'Wava','Sauer','kkertzmann@example.org',9989465948),(26,'Maye','Koepp','thiel.shyann@example.com',9575339119),(27,'Eloise','Walker','grayce22@example.org',9343443279),(28,'Sincere','Dickens','tiffany63@example.com',9664330215),(29,'Jaylan','Konopelski','ahmed.armstrong@example.com',9249904240),(30,'Filiberto','Labadie','cara.rice@example.com',9869303299),(31,'Helena','Funk','maxie.kub@example.net',9471296738),(32,'Dane','Wehner','autumn88@example.net',9715530846),(33,'Nico','Willms','therese.beer@example.com',9216021289),(34,'Eldridge','Hermann','berge.janick@example.com',9914421679),(35,'Jaycee','Lind','marlin.lueilwitz@example.net',9143497814),(36,'Felton','Kunze','kovacek.wilma@example.net',9876116534),(37,'Amari','Lowe','vanessa76@example.com',9663103117),(38,'Sage','Ruecker','marks.meda@example.net',9639518019),(39,'Patricia','Johns','otromp@example.net',9153033012),(40,'Cristina','Barrows','gryan@example.org',9674420389),(41,'Georgianna','Christiansen','nienow.cedrick@example.com',9038158596),(42,'Aileen','Green','caesar.willms@example.com',9513330438),(43,'Brisa','Schuster','gleichner.jefferey@example.net',9274088415),(44,'Emery','Rodriguez','maureen16@example.org',9759946406),(45,'Bernard','Abernathy','harvey.bernita@example.net',9064726799),(46,'Jennyfer','Hills','casimer.upton@example.com',9915932897),(47,'Era','Marvin','quitzon.antonina@example.net',9302941212),(48,'Dudley','White','treichert@example.org',9582848829),(49,'Rita','Cronin','witting.justus@example.net',9447742200),(50,'Berry','Kilback','marjolaine81@example.org',9163117566),(51,'Karli','Fahey','marquis.crona@example.com',9359094363),(52,'Judd','Raynor','melvin.walter@example.net',9749197376),(53,'Alexandro','Zemlak','green.jermey@example.net',9095708095),(54,'Edwardo','Auer','omer54@example.net',9927639676),(55,'Jewel','Lang','serenity33@example.net',9332101980),(56,'Olen','Goodwin','amy59@example.com',9994085450),(57,'Maegan','Ferry','rice.august@example.com',9489539813),(58,'Darren','Hettinger','botsford.elwyn@example.net',9540776530),(59,'Elsa','Kassulke','marquardt.earline@example.net',9339229359),(60,'Lorine','Metz','palma.stanton@example.org',9970948942),(61,'Amari','Boyer','turner58@example.net',9324933619),(62,'Robyn','Bins','lilla10@example.net',9616323266),(63,'Tristin','West','ularkin@example.com',9851091928),(64,'Solon','Johnson','vhudson@example.org',9828454400),(65,'Jasper','Kshlerin','ortiz.remington@example.org',9937693890),(66,'Gilberto','Runolfsdottir','douglas.jany@example.net',9793776822),(67,'Savannah','Tromp','so\'kon@example.net',9907536326),(68,'Cecelia','Rippin','alvera80@example.org',9032133953),(69,'Enos','Blick','jacobson.cameron@example.org',9929337671),(70,'Benton','Kuphal','durgan.berniece@example.net',9585273422),(71,'Rachel','Ryan','dflatley@example.org',9503566306),(72,'Kale','Steuber','jacey33@example.net',9725748244),(73,'Shaylee','DuBuque','drake.christiansen@example.com',9857068518),(74,'Maria','Torphy','eduardo.harber@example.org',9375597008),(75,'Rosanna','Dickens','flebsack@example.com',9762789668),(76,'Sabina','Grant','yvandervort@example.com',9028764905),(77,'Curt','Waelchi','emmerich.trevor@example.net',9729170112),(78,'Silas','O\'Conner','avis67@example.net',9146923907),(79,'Patrick','Simonis','ezequiel40@example.com',9110462435),(80,'Clemmie','Blick','gerhold.kiarra@example.com',9209277990),(81,'Dixie','Marquardt','spinka.stephanie@example.org',9193335140),(82,'Felipa','Hegmann','leland45@example.org',9541554874),(83,'Niko','Bergstrom','lorenz32@example.com',9751634751),(84,'Eden','Jaskolski','kylee.west@example.org',9767936609),(85,'Kayla','Price','otreutel@example.org',9743918065),(86,'Easton','Wintheiser','sandrine66@example.org',9139383661),(87,'Gail','Kunze','jjones@example.com',9363878791),(88,'Tom','Mayert','pfannerstill.ben@example.net',9988019842),(89,'Leanne','Spinka','fhane@example.com',9411606357),(90,'Loma','Konopelski','oerdman@example.com',9981882423),(91,'Ramona','McKenzie','joelle02@example.com',9275937517),(92,'Hoyt','Kerluke','mwitting@example.com',9088585337),(93,'Rosendo','Corwin','xmedhurst@example.com',9587648743),(94,'Jacynthe','Marquardt','elfrieda.gerhold@example.org',9294157901),(95,'Alivia','Carter','madison.o\'conner@example.net',9049474305),(96,'Emerson','Lubowitz','schulist.orlo@example.com',9558643786),(97,'Althea','Sauer','floyd.wilderman@example.org',9910049133),(98,'Henri','Gibson','ikerluke@example.net',9373668537),(99,'Wanda','Price','pacocha.roxanne@example.org',9291178182),(100,'Felipe','Nitzsche','jacky17@example.org',9263423323),(101,'Guido','Gleichner','devon.nader@example.net',9266094394),(102,'Baron','Hessel','jackie23@example.org',9239653435),(103,'Corine','Goodwin','uherman@example.com',9965848439),(104,'Destini','Rice','patricia.fritsch@example.com',9204507302),(105,'Willa','Schamberger','hbechtelar@example.org',9315116597),(106,'Leo','Dare','aida.kemmer@example.net',9498215327),(107,'Lucious','Jakubowski','winifred98@example.net',9039222519),(108,'Chance','Greenfelder','sschuster@example.net',9853827539),(109,'Nils','Feest','angelita.stoltenberg@example.com',9966503070),(110,'Amaya','Flatley','kris.bianka@example.net',9961940698),(111,'Lee','Rosenbaum','ora.weimann@example.net',9753753389),(112,'Henry','Kihn','vtillman@example.com',9326579410),(113,'Halie','Crist','milford82@example.net',9929196903),(114,'Angelica','Gulgowski','dschuppe@example.com',9128619199),(115,'Emiliano','Beer','trau@example.net',9173462110),(116,'Maritza','Luettgen','hills.garrett@example.com',9893016200),(117,'Markus','Weissnat','wendell50@example.net',9832782811),(118,'Ferne','Ferry','nhuels@example.org',9344313382),(119,'Louisa','Gutmann','zjaskolski@example.org',9059666330),(120,'Jared','Rohan','patricia86@example.org',9078066431),(121,'Johnpaul','Schimmel','borer.jaunita@example.net',9394618696),(122,'Verda','Gleason','psmitham@example.org',9335604367),(123,'Aisha','Hickle','orlo.satterfield@example.org',9367675408),(124,'Syble','Leffler','jennifer.walker@example.com',9581764398),(125,'Isaiah','Hudson','morris30@example.net',9652607666),(126,'Reinhold','Tremblay','dixie.blick@example.net',9391232488),(127,'Antoinette','Shanahan','pfannerstill.abigail@example.org',9987961354),(128,'Gaston','Volkman','tdaniel@example.org',9487709342),(129,'Anastasia','Reichel','janet.kemmer@example.net',9105089541),(130,'Orlo','Grady','aswaniawski@example.org',9837064709),(131,'Jessika','Powlowski','janie27@example.org',9065004291),(132,'Frederique','Treutel','collier.leland@example.com',9054262377),(133,'Lottie','Paucek','balistreri.carmine@example.com',9076895775),(134,'Jarod','Schimmel','joanie98@example.org',9305440834),(135,'Ashly','Dickens','hilton17@example.org',9617977753),(136,'Mina','DuBuque','labadie.cristal@example.com',9376000600),(137,'Hans','Treutel','celestine41@example.net',9061602426),(138,'Grant','Krajcik','christiansen.velva@example.com',9890771120),(139,'Johnathon','Quigley','ward.naomi@example.com',9982468722),(140,'Emmett','Klocko','hilma80@example.org',9887144115),(141,'Ford','Rogahn','goyette.abbey@example.com',9087673704),(142,'Bailee','Kuhlman','xo\'reilly@example.org',9139321213),(143,'Sister','Johnston','alda.von@example.com',9925099285),(144,'Adelbert','Lind','willard46@example.org',9924609318),(145,'Frances','Hahn','allan50@example.org',9324591545),(146,'Eloy','Corwin','kathryn.mills@example.com',9015033965),(147,'Andreane','Wolff','xernser@example.org',9004890137),(148,'Jayme','Maggio','nona.abernathy@example.net',9422310230),(149,'Keith','Fritsch','wmcclure@example.org',9754717068),(150,'Leann','Ullrich','ziemann.phoebe@example.org',9367279224),(151,'Trenton','Emmerich','mante.shanel@example.com',9656631018),(152,'Hassan','Rice','vena.nienow@example.net',9840592879),(153,'Aric','Douglas','fahey.isabel@example.net',9467492528),(154,'Mark','Dickinson','kenyatta58@example.net',9368061271),(155,'Abigayle','Skiles','russell.kulas@example.com',9238421280),(156,'Katharina','Kunde','lkunde@example.net',9237517136),(157,'Celestino','Kautzer','zackery54@example.com',9202260396),(158,'Rossie','Dickens','hoyt.prosacco@example.org',9549589422),(159,'Marlene','Kiehn','danyka23@example.net',9103760414),(160,'Tyrel','Carroll','hswift@example.com',9269358312),(161,'Wilfrid','Satterfield','grimes.otho@example.net',9249112177),(162,'Libby','Kessler','moore.theresia@example.com',9463220507),(163,'Clementina','Emmerich','kendra19@example.com',9056399640),(164,'Jamar','Zulauf','cschaden@example.net',9627807925),(165,'Noemie','Kuhic','kolby.keeling@example.org',9185992252),(166,'Demario','Stoltenberg','jenifer.mccullough@example.net',9434428363),(167,'Tanya','Feil','nfritsch@example.org',9768560003),(168,'Brannon','Feest','shanahan.ari@example.com',9324510749),(169,'Autumn','Murphy','dalton.corwin@example.net',9975266914),(170,'Daija','Batz','mo\'kon@example.org',9639324254),(171,'Judge','Stehr','haag.davon@example.net',9827242492),(172,'Emmalee','Howell','vesta66@example.net',9223941527),(173,'Kacie','Johnston','iturcotte@example.net',9778893647),(174,'Stephan','Treutel','otis43@example.net',9578066895),(175,'Murphy','Rempel','wreichert@example.net',9796603572),(176,'Jamaal','Farrell','magnolia.reynolds@example.net',9994443227),(177,'Ari','Brakus','adrianna71@example.org',9780409070),(178,'Harrison','Bartoletti','fbaumbach@example.org',9954266738),(179,'Furman','Dach','van.jenkins@example.org',9006073757),(180,'Jakob','Stehr','carolyn89@example.org',9093042615),(181,'Shayne','Breitenberg','arden78@example.com',9810219126),(182,'Fern','Bauch','rosie78@example.net',9641119844),(183,'Kaitlyn','Funk','kziemann@example.com',9215507063),(184,'Rebeka','Ondricka','fhaag@example.net',9106525575),(185,'Hollie','Jakubowski','lincoln68@example.org',9790433375),(186,'Timothy','Hane','myrtice76@example.net',9023118317),(187,'Lorenz','Ankunding','stroman.willis@example.com',9633172188),(188,'Milan','Heathcote','xrau@example.net',9125815472),(189,'Korbin','Ratke','lmarvin@example.com',9127740626),(190,'Greyson','Weber','charles.witting@example.com',9328784458),(191,'Cydney','Metz','dstreich@example.net',9227547569),(192,'Leora','Becker','pconsidine@example.net',9582048651),(193,'Edmund','Lesch','pondricka@example.net',9264356250),(194,'Nina','Hoeger','ernesto30@example.org',9097585889),(195,'Kurt','Watsica','judge.little@example.com',9632997209),(196,'Muriel','Jakubowski','xsipes@example.net',9391307090),(197,'Gerardo','Heller','rwintheiser@example.org',9142370347),(198,'Michel','Rodriguez','brooke.leuschke@example.net',9901910259),(199,'Taya','O\'Kon','qwaters@example.com',9214752882),(200,'Lynn','Roberts','nathaniel72@example.com',9963696786),(201,'Ilene','Johnson','diana18@example.org',9483828520),(202,'Andy','Rohan','donnell80@example.net',9115005285),(203,'Geovany','Morar','bryce81@example.net',9990650397),(204,'Morton','Ullrich','belle73@example.org',9096645069),(205,'Edward','Greenholt','ocrist@example.net',9908485885),(206,'Litzy','Goldner','odessa.o\'connell@example.net',9844897798),(207,'Dorcas','Heaney','kmueller@example.com',9831650210),(208,'Felipe','Green','amir04@example.com',9873907135),(209,'Ayana','Buckridge','leatha.ferry@example.org',9682506965),(210,'Sandra','Bednar','lauriane05@example.org',9092494033),(211,'Filomena','Mueller','willy40@example.net',9604463904),(212,'Torey','Jerde','orval63@example.org',9516108272),(213,'Larue','Wolf','jordane98@example.org',9814711578),(214,'Enid','Welch','hickle.myrna@example.org',9073256197),(215,'Cordell','Wolf','christophe.hansen@example.net',9568127924),(216,'Rosa','Franecki','lyda.west@example.com',9978005550),(217,'Alexys','Lemke','waters.asha@example.net',9469723946),(218,'Lizzie','Corwin','windler.celestine@example.net',9005547459),(219,'Leopold','Pfeffer','will.dayana@example.net',9305546121),(220,'Jayda','Miller','griffin17@example.org',9460050981),(221,'Gerhard','Kreiger','christine.padberg@example.org',9409820261),(222,'Kylee','Pfannerstill','loraine34@example.org',9320303307),(223,'Claudia','Gutmann','bode.bartholome@example.com',9290819929),(224,'Vella','Price','herman.braun@example.com',9457528955),(225,'Maybell','Balistreri','lankunding@example.org',9017758924),(226,'Bruce','Heidenreich','harold.kohler@example.net',9313476242),(227,'Shemar','Nolan','rogahn.cynthia@example.net',9227075337),(228,'Hilton','Moore','rfay@example.net',9796103497),(229,'Bennett','Paucek','derick.tillman@example.net',9603538196),(230,'Gaylord','Cremin','jmertz@example.com',9000477844),(231,'Twila','Armstrong','vrath@example.net',9033568392),(232,'Trystan','Jacobi','mlarson@example.com',9938498134),(233,'Giovanna','Dooley','ddare@example.com',9522035410),(234,'Fay','O\'Conner','dubuque.donavon@example.com',9143350822),(235,'Iliana','Schuppe','jesse.hand@example.com',9835373841),(236,'Zoe','Ullrich','kenyatta54@example.com',9387976586),(237,'Nayeli','Shields','kenyon58@example.org',9969149043),(238,'Nyasia','McKenzie','trutherford@example.org',9823127815),(239,'Antonina','Marks','danyka94@example.com',9762176508),(240,'Brendon','Koss','leif39@example.net',9314211269),(241,'Elena','Hammes','darien.satterfield@example.com',9274130163),(242,'Kaleb','Bashirian','june18@example.org',9536080422),(243,'Myah','Jakubowski','ervin.oberbrunner@example.org',9235320917),(244,'Verna','Beer','nrunte@example.net',9963814662),(245,'Coty','Cole','vida59@example.org',9717111236),(246,'Timmy','Swift','lryan@example.net',9089184734),(247,'Betty','Block','lura.bosco@example.net',9713445766),(248,'Lee','Hoppe','gordon.jones@example.com',9483501198),(249,'Bertram','Grant','grayce18@example.org',9028442637),(250,'Bert','Ondricka','raymond51@example.com',9488041935),(251,'Dayton','Satterfield','corine.leuschke@example.net',9094038546),(252,'Ulises','Watsica','emie54@example.com',9937178044),(253,'Jeanie','Gleichner','bednar.milton@example.org',9959188846),(254,'Desmond','Flatley','cronin.elvie@example.net',9148016441),(255,'Sigmund','Kuphal','krystina.terry@example.net',9304011749),(256,'Harvey','Konopelski','wilmer.emard@example.org',9558002144),(257,'Pearlie','Waters','blaze.powlowski@example.org',9492745785),(258,'Wilson','Steuber','rath.rashad@example.net',9374051974),(259,'Deangelo','Rath','jeffery.rempel@example.com',9719127661),(260,'Taryn','Hahn','sstrosin@example.com',9356434969),(261,'Heath','Erdman','elise.barrows@example.com',9019755111),(262,'Keyon','Hansen','vesta.hermann@example.com',9482098235),(263,'Willy','Shields','kkeebler@example.org',9478526999),(264,'Kassandra','Schultz','hallie03@example.net',9137192456),(265,'Destiny','Schneider','katrine.dicki@example.net',9532479092),(266,'Manuela','Ortiz','bschulist@example.com',9412560311),(267,'Christina','Kohler','ruby.king@example.com',9259202346),(268,'Raina','Beatty','eugene.yundt@example.net',9660359049),(269,'Verlie','Fay','gerardo45@example.org',9369192466),(270,'Jamie','Shields','vquitzon@example.net',9895341462),(271,'Zachary','Schaefer','emory44@example.com',9058477803),(272,'Tyrell','Satterfield','delphine38@example.com',9779471209),(273,'Vickie','Kris','lenny47@example.com',9697973174),(274,'Kendall','Hessel','zritchie@example.org',9325384660),(275,'Ila','Schumm','kyle.hamill@example.net',9593917484),(276,'Jamey','Bernier','swift.frederick@example.org',9205728434),(277,'Anjali','Marquardt','metz.margaret@example.net',9652423697),(278,'Kennedy','Nader','oscar28@example.com',9689923928),(279,'Blanca','Stiedemann','ckuphal@example.net',9703143940),(280,'Jake','Gibson','sauer.cordia@example.org',9335282461),(281,'Lowell','Lang','williamson.marcelo@example.org',9662293307),(282,'Tremayne','Sanford','utillman@example.net',9490035155),(283,'Shania','Smitham','greenholt.kendra@example.org',9840193627),(284,'Lizzie','Watsica','yemard@example.net',9058205066),(285,'Candido','Herman','antonio80@example.com',9708496947),(286,'Johnny','Frami','oherzog@example.org',9609986677),(287,'Kitty','Cruickshank','alexandria.hegmann@example.org',9142683533),(288,'Julien','Stracke','beatty.emory@example.org',9596659468),(289,'Afton','Fahey','shanahan.abdiel@example.net',9951149306),(290,'Willard','Marvin','yschimmel@example.org',9517210596),(291,'Hattie','Schumm','hnicolas@example.org',9458184320),(292,'Nathen','Schultz','isidro11@example.com',9244599309),(293,'Vincenza','Wisozk','brakus.dianna@example.net',9421269175),(294,'America','Gorczany','bgoyette@example.org',9589376613),(295,'Vicente','Walker','faustino.hintz@example.org',9261293345),(296,'Emelia','Friesen','fbrown@example.com',9314233604),(297,'Aliyah','Mayer','mccullough.eleanore@example.com',9630838164),(298,'Carleton','Schoen','gdurgan@example.org',9104690286),(299,'Breanna','Hagenes','walsh.cathrine@example.com',9612006785),(300,'America','Pfeffer','price.antonetta@example.com',9909489352);

INSERT INTO `contracts` VALUES 
(1,84,'done','for_buy',1,'2021-01-03 01:23:03','2021-03-21 00:41:20'),
(2,32,'terminated','for_sale',2,'1996-10-06 06:55:28','1976-11-12 19:26:03'),
(3,19,'terminated','for_buy',3,'1991-11-29 04:49:07','2009-10-19 04:39:17'),
(4,61,'terminated','for_sale',4,'1982-10-13 09:20:05','1976-02-12 11:07:02'),
(5,17,'done','for_sale',5,'2020-12-29 00:45:26','1983-12-20 05:24:23'),
(6,52,'terminated','for_sale',6,'1989-07-20 14:13:06','2010-11-17 01:33:13'),
(7,98,'terminated','for_buy',7,'2021-01-24 14:01:40','1993-02-25 15:55:40'),
(8,29,'terminated','for_sale',8,'1973-11-21 13:12:00','1992-04-11 01:59:22'),
(9,100,'actual','for_buy',9,'1978-12-23 09:31:19','1971-11-16 17:30:46'),
(10,41,'actual','for_sale',10,'2021-01-03 08:11:57','1980-09-12 16:51:01'),
(11,3,'actual','for_sale',11,'1999-04-07 15:26:22','2007-02-10 07:08:34'),
(12,44,'done','for_sale',12,'1973-03-10 05:10:20','2004-01-04 16:55:31'),
(13,21,'actual','for_sale',13,'1974-10-20 18:56:25','1986-07-04 12:57:45'),
(14,14,'terminated','for_sale',14,'1998-11-15 06:01:55','2007-11-13 04:07:15'),
(15,4,'actual','for_buy',15,'1990-01-24 17:10:32','1978-12-15 20:51:54'),
(16,29,'done','for_sale',16,'1999-05-21 02:28:50','1981-12-21 10:03:31'),
(17,88,'actual','for_sale',17,'1986-12-05 13:24:06','2017-08-27 13:50:18'),
(18,87,'actual','for_sale',18,'2000-11-01 00:12:15','2021-02-17 06:13:45'),
(19,50,'done','for_sale',19,'2013-02-27 17:06:49','1973-01-20 18:11:45'),
(20,2,'terminated','for_buy',20,'2019-09-15 18:56:27','1980-08-07 21:30:38'),(21,48,'done','for_buy',21,'2021-05-12 16:21:32','2007-03-25 16:51:24'),(22,17,'done','for_buy',22,'1986-02-13 11:56:21','1976-10-06 22:23:18'),(23,9,'actual','for_buy',23,'2021-05-30 12:01:00','1997-08-25 13:48:43'),(24,7,'actual','for_sale',24,'1974-11-26 00:03:05','1972-02-08 09:39:36'),(25,9,'actual','for_buy',25,'2018-03-06 01:51:32','1996-06-21 05:55:55'),(26,93,'terminated','for_sale',26,'2021-01-07 10:00:29','1975-06-30 18:27:38'),(27,73,'done','for_sale',27,'1974-08-18 11:43:32','2013-11-19 08:24:48'),(28,56,'done','for_buy',28,'2014-08-21 23:17:09','1991-08-28 10:48:52'),(29,51,'done','for_buy',29,'2021-04-23 11:19:36','1998-12-02 03:56:18'),(30,41,'done','for_buy',30,'1974-12-13 12:24:51','1981-04-07 11:46:52'),(31,100,'done','for_buy',31,'1978-12-12 21:37:40','1998-06-29 00:41:47'),(32,45,'actual','for_sale',32,'1975-08-07 13:26:41','2003-12-15 22:01:55'),(33,28,'actual','for_sale',33,'2006-11-24 13:00:16','1990-07-20 11:15:13'),(34,50,'done','for_sale',34,'2021-01-06 19:55:47','2003-04-08 03:05:39'),(35,17,'terminated','for_sale',35,'2021-02-06 03:23:26','2008-10-20 23:52:30'),(36,52,'terminated','for_buy',36,'1973-10-21 13:34:44','1990-11-05 22:29:32'),(37,20,'terminated','for_buy',37,'1981-04-14 18:43:45','1975-11-02 21:29:27'),(38,66,'actual','for_buy',38,'2000-07-31 12:30:34','2012-04-24 21:17:07'),(39,24,'actual','for_buy',39,'1993-04-15 20:19:38','1983-11-30 02:26:12'),(40,82,'terminated','for_sale',40,'2021-05-25 02:34:17','1974-12-21 22:11:27'),(41,42,'done','for_buy',41,'2020-11-27 20:33:10','2005-04-26 14:33:47'),(42,51,'terminated','for_buy',42,'2002-02-14 12:21:11','2009-04-22 00:55:11'),(43,9,'done','for_buy',43,'1989-04-18 00:59:43','2014-08-10 12:52:51'),(44,18,'done','for_sale',44,'1996-12-06 19:53:11','1992-04-26 00:54:08'),(45,59,'terminated','for_sale',45,'2000-11-22 13:34:09','1991-07-22 19:21:37'),(46,19,'terminated','for_buy',46,'1971-12-22 03:06:03','1981-09-04 23:41:14'),(47,13,'terminated','for_buy',47,'1972-01-03 00:29:04','1997-01-06 17:29:32'),(48,6,'done','for_sale',48,'1997-01-05 15:28:23','1973-03-12 12:52:38'),(49,26,'actual','for_sale',49,'2002-11-20 04:53:33','2000-04-16 00:58:43'),(50,27,'done','for_buy',50,'1976-12-27 05:46:31','1979-08-07 01:04:59'),(51,45,'actual','for_buy',51,'1974-02-11 17:58:28','1972-04-13 04:16:52'),(52,42,'terminated','for_buy',52,'2001-09-04 19:35:21','1971-12-19 23:46:23'),(53,63,'done','for_sale',53,'2001-05-30 08:11:36','2000-05-28 18:37:27'),(54,68,'done','for_buy',54,'1992-11-05 23:33:12','2008-09-27 07:24:38'),(55,11,'actual','for_sale',55,'2006-06-20 14:17:05','2001-08-03 04:10:33'),(56,49,'done','for_buy',56,'1994-11-10 15:06:07','1999-11-01 10:29:13'),(57,90,'done','for_buy',57,'2021-05-30 04:58:50','2013-12-02 06:05:30'),(58,3,'actual','for_buy',58,'2021-02-15 13:11:56','2021-03-06 17:46:29'),(59,78,'actual','for_sale',59,'1990-10-22 05:44:19','2008-11-01 22:55:48'),(60,16,'actual','for_sale',60,'2020-02-05 19:41:37','1996-04-29 01:34:07'),(61,51,'actual','for_buy',61,'1976-12-08 22:41:13','2001-01-25 05:52:38'),(62,78,'actual','for_sale',62,'1985-02-23 21:31:21','2001-05-17 13:28:00'),(63,78,'done','for_buy',63,'1990-11-14 23:31:36','1987-08-26 03:07:22'),(64,19,'done','for_sale',64,'2021-01-25 05:13:37','1992-11-09 11:21:32'),(65,76,'terminated','for_sale',65,'2000-12-25 16:10:13','2004-02-12 01:07:02'),(66,63,'done','for_sale',66,'1977-10-10 14:32:08','2008-06-22 07:38:27'),(67,41,'done','for_sale',67,'2017-08-24 03:13:59','2015-03-09 21:36:42'),(68,15,'done','for_buy',68,'1997-01-09 06:21:35','1994-07-15 06:54:30'),(69,78,'done','for_buy',69,'2015-07-05 00:25:04','1971-03-01 14:08:12'),(70,88,'done','for_sale',70,'1985-04-04 19:33:04','2016-11-05 04:30:10'),(71,5,'actual','for_buy',71,'2021-02-03 09:17:52','2002-09-28 04:59:46'),(72,97,'done','for_sale',72,'2021-05-08 10:28:09','2008-10-31 23:02:55'),(73,15,'terminated','for_buy',73,'1990-06-04 02:01:37','1974-08-19 00:30:48'),(74,56,'done','for_buy',74,'2010-01-28 23:28:30','1980-01-06 09:18:26'),(75,76,'terminated','for_sale',75,'1971-11-25 16:16:40','1992-07-03 09:13:09'),(76,80,'done','for_sale',76,'1987-01-21 22:32:12','2013-08-05 21:27:13'),(77,44,'done','for_sale',77,'1983-06-17 09:21:19','1981-12-18 07:13:20'),(78,35,'done','for_sale',78,'2021-04-13 03:44:33','1998-01-22 02:04:02'),(79,78,'actual','for_buy',79,'2010-03-06 15:47:39','2003-08-23 05:47:42'),(80,91,'actual','for_buy',80,'1972-10-21 22:17:18','2016-12-18 18:55:57'),(81,34,'terminated','for_buy',81,'1986-08-15 16:17:24','1977-11-28 16:26:39'),(82,38,'done','for_sale',82,'1978-05-26 09:08:54','2010-02-24 02:01:59'),(83,18,'terminated','for_buy',83,'2013-09-25 21:28:53','1998-05-01 12:22:29'),(84,27,'actual','for_buy',84,'1977-10-31 20:36:50','1982-03-26 16:07:44'),(85,73,'actual','for_sale',85,'2007-11-29 10:28:37','1983-08-24 00:04:41'),(86,87,'actual','for_buy',86,'2001-03-05 04:46:46','2001-10-23 23:12:21'),(87,40,'actual','for_buy',87,'2006-07-02 23:37:11','1983-03-21 14:18:54'),(88,84,'done','for_buy',88,'1979-06-06 03:04:28','2019-08-26 09:50:39'),(89,55,'terminated','for_buy',89,'2001-03-28 11:44:15','2014-12-21 12:58:15'),(90,17,'terminated','for_buy',90,'1977-06-24 03:50:40','1983-03-31 04:48:11'),(91,50,'terminated','for_buy',91,'1997-12-22 02:50:08','2017-06-19 04:12:16'),(92,18,'terminated','for_buy',92,'1977-03-19 17:22:55','2006-06-04 22:19:25'),(93,7,'terminated','for_sale',93,'2021-04-26 16:06:21','2010-01-15 22:48:30'),(94,14,'done','for_sale',94,'2002-01-08 07:25:43','1996-05-15 23:23:51'),(95,94,'actual','for_sale',95,'2021-04-21 02:03:52','2006-01-18 13:40:11'),(96,68,'actual','for_buy',96,'1982-05-25 15:10:45','1972-01-27 02:40:22'),(97,95,'actual','for_buy',97,'1996-12-04 07:05:13','1970-03-11 07:57:09'),(98,22,'done','for_sale',98,'2018-03-27 15:28:13','2014-07-14 03:09:00'),(99,3,'terminated','for_sale',99,'1970-03-24 04:25:58','1999-10-20 01:02:22'),(100,91,'actual','for_sale',100,'1975-09-25 22:23:11','1989-06-14 00:24:36'),(101,4,'terminated','for_buy',101,'2005-08-02 12:31:57','2015-08-11 17:15:04'),(102,10,'done','for_sale',102,'2004-03-04 16:57:32','2002-09-13 10:11:55'),(103,74,'actual','for_sale',103,'2000-10-02 23:13:21','1986-08-17 21:15:00'),(104,46,'terminated','for_sale',104,'2011-08-09 17:06:42','1981-05-09 09:48:03'),(105,18,'actual','for_buy',105,'2001-10-06 17:28:03','1973-11-13 04:32:00'),(106,15,'done','for_buy',106,'1995-08-02 15:24:44','1974-06-17 15:58:41'),(107,100,'actual','for_sale',107,'1989-05-07 16:33:07','1988-06-08 19:31:43'),(108,29,'actual','for_buy',108,'2007-01-21 05:11:09','2010-08-05 22:23:04'),(109,1,'done','for_buy',109,'2019-12-13 05:20:00','1991-02-23 20:52:40'),(110,4,'terminated','for_buy',110,'1996-05-30 19:30:25','2007-01-15 02:37:34'),(111,22,'actual','for_buy',111,'1993-12-03 06:36:13','1985-08-16 02:53:32'),(112,96,'done','for_buy',112,'1983-06-25 20:58:45','1973-07-06 11:35:52'),(113,9,'actual','for_sale',113,'2021-04-10 04:27:45','1987-02-10 08:37:21'),(114,60,'terminated','for_sale',114,'1982-03-15 11:29:32','2012-12-26 12:39:59'),(115,77,'done','for_sale',115,'1978-07-14 01:25:57','2004-01-12 05:50:54'),(116,75,'done','for_buy',116,'2021-03-21 16:43:51','2014-02-24 01:08:16'),(117,25,'actual','for_buy',117,'1983-04-21 06:04:09','1975-09-16 17:57:52'),(118,28,'actual','for_sale',118,'2013-03-31 15:35:19','2021-02-08 12:37:02'),(119,51,'done','for_sale',119,'1992-08-14 20:24:51','1988-04-10 18:36:33'),(120,72,'actual','for_sale',120,'2001-11-19 20:25:14','1995-03-01 20:44:07'),(121,96,'done','for_buy',121,'2005-12-22 16:18:45','1976-07-16 20:42:02'),(122,47,'terminated','for_sale',122,'1973-10-18 15:11:37','2008-12-10 13:27:44'),(123,4,'done','for_buy',123,'1986-04-09 19:31:54','1971-04-04 10:57:34'),(124,47,'done','for_buy',124,'1986-09-25 15:58:18','2006-08-28 06:34:34'),(125,50,'done','for_buy',125,'2021-04-14 15:03:04','1999-03-12 12:02:15'),(126,72,'terminated','for_buy',126,'1992-01-01 23:52:44','1997-07-11 21:46:21'),(127,28,'actual','for_buy',127,'1974-02-19 22:04:35','2007-06-30 20:51:08'),(128,43,'done','for_buy',128,'2001-04-09 13:42:59','1981-07-18 12:01:39'),(129,10,'actual','for_buy',129,'1978-05-30 23:12:09','1991-08-19 15:05:10'),(130,15,'actual','for_buy',130,'1996-05-10 06:24:16','1971-05-27 00:03:34'),(131,44,'actual','for_buy',131,'2006-12-03 10:46:43','1990-01-17 04:51:10'),(132,12,'actual','for_sale',132,'1998-04-21 16:42:26','2017-08-31 10:29:17'),(133,19,'done','for_sale',133,'1993-01-27 22:23:57','2017-08-04 02:28:03'),(134,85,'terminated','for_sale',134,'1984-07-04 08:59:00','2013-07-12 07:48:16'),(135,53,'done','for_sale',135,'1971-02-16 04:44:20','2018-02-09 16:55:26'),(136,96,'actual','for_buy',136,'1979-11-27 14:09:57','1978-05-10 04:44:20'),(137,91,'actual','for_buy',137,'1989-02-11 04:33:22','1982-06-22 10:46:23'),(138,1,'terminated','for_sale',138,'1983-06-03 04:58:46','1991-05-07 10:23:05'),(139,6,'terminated','for_sale',139,'2002-05-22 13:59:20','2012-08-13 20:31:08'),(140,57,'actual','for_buy',140,'1981-09-14 23:09:06','2006-03-10 19:27:33'),(141,79,'done','for_sale',141,'2013-06-16 22:45:11','1990-02-07 03:10:25'),(142,43,'terminated','for_sale',142,'2001-05-08 07:32:29','1991-12-29 05:54:45'),(143,52,'actual','for_sale',143,'2004-02-27 19:09:56','1973-05-09 12:22:31'),(144,93,'done','for_sale',144,'2004-01-17 03:29:56','1996-07-26 07:36:49'),(145,54,'actual','for_buy',145,'2001-01-08 03:28:21','1982-06-17 06:49:25'),(146,27,'actual','for_buy',146,'2018-06-10 16:06:22','1972-08-30 01:11:31'),(147,2,'terminated','for_sale',147,'1997-08-04 20:41:58','1989-04-18 00:00:42'),(148,80,'terminated','for_sale',148,'1980-10-30 05:38:53','1996-11-26 21:47:59'),(149,100,'terminated','for_sale',149,'2013-10-09 14:13:28','1992-03-13 19:36:41'),(150,70,'terminated','for_buy',150,'2010-04-20 03:37:55','1983-11-04 00:49:47'),(151,11,'terminated','for_sale',151,'1989-02-02 21:37:51','1995-12-09 04:00:21'),(152,29,'actual','for_buy',152,'2021-06-01 14:50:57','1982-09-13 06:00:33'),(153,70,'done','for_buy',153,'2008-05-27 14:25:52','1973-02-10 19:32:40'),(154,26,'done','for_buy',154,'2011-11-20 17:11:58','2018-04-30 00:05:52'),(155,78,'done','for_sale',155,'1972-05-03 14:52:32','1983-06-01 13:16:11'),(156,43,'terminated','for_buy',156,'1998-08-09 16:46:59','2020-10-07 10:01:26'),(157,64,'done','for_sale',157,'2013-03-25 19:10:01','1981-10-20 09:45:41'),(158,51,'terminated','for_sale',158,'1973-02-20 03:44:07','2007-01-07 03:40:39'),(159,49,'done','for_sale',159,'1997-05-27 08:05:27','1976-03-10 17:30:19'),(160,59,'actual','for_buy',160,'1986-01-22 02:15:27','2014-02-16 12:07:31'),(161,9,'actual','for_sale',161,'2017-05-09 07:52:50','1999-01-15 18:28:22'),(162,90,'terminated','for_sale',162,'2008-07-24 11:15:00','2009-09-27 04:20:05'),(163,66,'actual','for_buy',163,'2002-09-03 15:06:09','2020-11-09 04:05:13'),(164,36,'actual','for_sale',164,'2007-11-18 02:26:18','1972-05-31 11:29:55'),(165,15,'done','for_sale',165,'2008-02-07 04:44:41','2013-07-31 15:13:23'),(166,54,'actual','for_sale',166,'2011-12-14 23:17:44','2005-01-03 04:45:03'),(167,74,'terminated','for_buy',167,'2019-12-04 01:15:08','2010-08-31 21:46:03'),(168,5,'terminated','for_sale',168,'2018-08-10 14:48:02','2011-01-16 12:16:41'),(169,24,'done','for_buy',169,'2015-03-29 10:45:37','1986-06-17 03:54:22'),(170,96,'done','for_sale',170,'1973-12-21 09:16:01','1981-07-29 22:39:36'),(171,48,'terminated','for_buy',171,'2017-02-10 15:31:32','1993-02-23 16:29:39'),(172,28,'done','for_sale',172,'1990-08-24 14:36:21','2007-03-27 08:57:23'),(173,100,'terminated','for_buy',173,'1989-05-01 19:24:04','1997-11-14 02:22:14'),(174,91,'terminated','for_sale',174,'1986-04-26 18:08:27','2000-02-27 13:59:08'),(175,9,'actual','for_buy',175,'1992-11-26 15:42:05','2018-06-24 08:33:31'),(176,83,'terminated','for_sale',176,'1998-01-10 01:49:48','2011-03-10 03:06:06'),(177,83,'terminated','for_buy',177,'2000-01-29 11:15:06','1996-06-14 01:01:31'),(178,53,'done','for_sale',178,'1975-12-24 01:00:32','2012-10-08 01:03:24'),(179,13,'done','for_sale',179,'2014-10-02 22:05:21','2000-07-28 01:09:51'),(180,72,'done','for_buy',180,'2009-09-03 10:14:03','2012-07-20 08:45:30'),(181,32,'done','for_buy',181,'1975-02-05 20:23:11','1990-11-19 16:43:13'),(182,52,'terminated','for_buy',182,'1981-01-02 03:41:07','2010-02-21 02:55:48'),(183,22,'terminated','for_sale',183,'2019-11-20 03:35:50','2020-10-10 15:18:34'),(184,56,'done','for_buy',184,'1998-03-22 09:43:54','1985-12-13 20:50:08'),(185,34,'done','for_sale',185,'1992-09-15 14:02:18','2009-05-30 11:29:10'),(186,76,'terminated','for_buy',186,'2004-10-29 20:14:16','2017-01-07 14:49:28'),(187,79,'actual','for_buy',187,'1986-03-10 03:23:32','1992-05-30 00:30:05'),(188,24,'done','for_sale',188,'1979-08-15 12:13:34','2020-12-18 10:48:14'),(189,58,'actual','for_sale',189,'2019-09-30 22:17:18','2004-03-08 03:56:24'),(190,23,'terminated','for_buy',190,'1975-03-12 03:58:21','1992-06-27 11:41:58'),(191,57,'done','for_buy',191,'2001-03-16 01:58:52','2002-07-19 00:27:31'),(192,20,'terminated','for_buy',192,'2012-03-02 12:50:24','1982-10-15 05:46:41'),(193,17,'terminated','for_buy',193,'2002-06-12 01:56:07','2018-12-25 17:27:32'),(194,63,'actual','for_sale',194,'2021-05-02 12:20:46','2014-07-14 17:28:49'),(195,17,'done','for_buy',195,'2017-11-15 03:06:14','2005-11-20 01:18:48'),(196,33,'terminated','for_sale',196,'1976-01-13 14:35:35','1988-01-16 15:59:00'),(197,81,'terminated','for_buy',197,'2011-04-24 03:30:18','2018-02-02 08:12:46'),(198,31,'done','for_sale',198,'1973-01-26 18:09:57','1994-06-15 17:05:24'),(199,12,'done','for_buy',199,'2016-06-10 22:29:06','1982-10-06 08:40:25'),(200,38,'actual','for_sale',200,'1981-02-08 22:07:01','2007-01-29 05:35:45'),(201,88,'terminated','for_sale',201,'1980-07-08 19:40:20','1983-09-11 19:36:45'),(202,19,'terminated','for_sale',202,'1980-12-17 14:37:48','1984-01-23 05:37:59'),(203,39,'done','for_buy',203,'2017-05-22 21:52:42','1995-05-27 00:32:50'),(204,99,'done','for_sale',204,'1986-05-12 15:43:25','1985-02-26 02:47:59'),(205,89,'terminated','for_sale',205,'1984-08-11 18:05:11','2002-12-27 00:55:54'),(206,62,'done','for_buy',206,'1977-08-22 12:39:34','2017-02-06 00:18:02'),(207,16,'actual','for_buy',207,'1998-02-26 03:12:47','1983-04-08 14:45:26'),(208,67,'done','for_buy',208,'2003-06-12 10:10:42','1996-08-16 06:02:54'),(209,8,'done','for_sale',209,'1998-03-17 12:48:59','2008-04-19 12:30:01'),(210,38,'actual','for_sale',210,'1980-07-10 23:55:12','2006-08-19 10:38:28'),(211,81,'terminated','for_buy',211,'1998-02-02 05:06:37','1986-08-28 06:59:09'),(212,19,'terminated','for_buy',212,'2020-06-19 09:11:17','1973-05-17 15:44:49'),(213,12,'done','for_sale',213,'1995-01-15 05:37:56','1995-08-23 09:02:44'),(214,36,'actual','for_buy',214,'1992-01-26 11:07:04','2007-07-27 10:19:41'),(215,68,'done','for_sale',215,'1994-08-02 06:20:45','1994-02-15 00:03:24'),(216,59,'done','for_sale',216,'2016-09-23 11:16:42','2017-04-23 01:32:16'),(217,40,'terminated','for_buy',217,'2007-08-28 01:17:27','1975-01-18 04:24:50'),(218,29,'done','for_buy',218,'2005-05-24 13:41:17','1985-09-24 19:09:01'),(219,16,'terminated','for_sale',219,'1989-10-06 08:34:22','1981-12-07 15:24:35'),(220,19,'done','for_sale',220,'1997-08-07 06:39:18','1979-10-07 09:05:39'),(221,86,'actual','for_buy',221,'2016-07-05 07:46:03','1994-08-30 08:00:43'),(222,41,'actual','for_sale',222,'2001-01-21 01:21:39','1991-04-02 19:56:40'),(223,87,'done','for_sale',223,'1996-02-05 18:55:05','1970-09-17 07:39:00'),(224,16,'actual','for_buy',224,'1983-07-04 01:51:50','2001-06-21 03:23:10'),(225,4,'actual','for_sale',225,'1997-01-14 10:12:06','1976-05-19 12:46:21'),(226,96,'terminated','for_buy',226,'1971-09-29 19:39:12','1972-11-03 01:05:51'),(227,18,'terminated','for_buy',227,'1980-08-11 12:19:11','1971-04-08 18:45:41'),(228,46,'actual','for_buy',228,'2019-07-24 09:36:15','1971-09-22 12:54:18'),(229,92,'terminated','for_buy',229,'1996-06-16 14:20:20','1991-12-25 22:36:27'),(230,9,'terminated','for_sale',230,'2002-10-20 03:49:44','1977-08-11 03:53:42'),(231,76,'terminated','for_sale',231,'2021-01-24 03:49:25','1977-10-23 13:36:22'),(232,26,'actual','for_buy',232,'2021-04-02 18:55:12','1993-12-28 15:46:46'),(233,23,'actual','for_sale',233,'2002-09-04 21:17:31','2017-04-02 02:59:53'),(234,91,'actual','for_buy',234,'1988-05-14 10:09:29','1984-01-16 06:21:17'),(235,96,'done','for_buy',235,'2001-02-17 07:03:26','1987-01-03 15:20:33'),(236,15,'actual','for_sale',236,'2012-07-22 03:48:38','2012-04-11 03:47:25'),(237,34,'terminated','for_buy',237,'1983-01-13 03:55:02','2011-09-11 05:58:40'),(238,16,'actual','for_sale',238,'1981-08-03 05:29:03','1999-06-11 11:32:15'),(239,25,'actual','for_sale',239,'2006-07-14 05:36:23','1975-10-10 13:56:49'),(240,30,'actual','for_buy',240,'1990-08-15 14:38:34','1988-07-18 22:24:34'),(241,65,'terminated','for_sale',241,'1974-07-15 19:15:09','1994-07-18 21:24:33'),(242,100,'terminated','for_sale',242,'2011-04-21 04:41:50','2013-03-18 09:46:04'),(243,14,'actual','for_buy',243,'1984-12-22 23:05:36','1996-09-11 13:09:51'),(244,16,'terminated','for_buy',244,'1974-01-31 12:37:44','2009-09-03 20:08:35'),(245,80,'actual','for_sale',245,'2011-04-04 06:16:46','2014-11-06 07:23:39'),(246,74,'done','for_buy',246,'1988-06-24 01:08:23','1986-01-17 13:00:16'),(247,12,'terminated','for_buy',247,'1993-02-03 07:04:23','1983-07-27 23:24:10'),(248,41,'actual','for_buy',248,'1985-03-26 02:24:07','1996-10-10 01:15:09'),(249,67,'done','for_buy',249,'1985-12-20 10:52:30','1975-12-14 08:56:31'),(250,8,'actual','for_sale',250,'1980-04-16 06:04:43','2007-01-13 20:50:44'),(251,97,'terminated','for_sale',251,'1999-09-04 15:14:06','1983-12-21 18:50:20'),(252,34,'actual','for_sale',252,'2005-01-20 00:59:58','1980-06-11 06:34:49'),(253,1,'actual','for_buy',253,'2018-01-17 14:50:23','1986-09-08 04:49:46'),(254,27,'terminated','for_sale',254,'1991-06-02 02:54:19','2021-02-03 14:36:21'),(255,98,'actual','for_buy',255,'1976-02-06 01:32:33','2020-06-18 10:47:54'),(256,36,'done','for_buy',256,'2002-09-16 15:53:38','2019-09-04 16:57:18'),(257,54,'actual','for_buy',257,'2000-08-22 06:03:46','2009-03-24 05:14:43'),(258,19,'actual','for_sale',258,'1981-07-30 10:27:26','2001-11-12 15:30:47'),(259,22,'actual','for_sale',259,'2006-03-02 17:24:41','1998-07-30 19:24:03'),(260,15,'terminated','for_buy',260,'1978-03-17 09:59:02','1970-05-16 07:40:30'),(261,95,'done','for_buy',261,'2018-06-19 21:22:52','2006-03-09 02:09:57'),(262,37,'actual','for_sale',262,'2020-12-10 20:30:03','1987-05-10 04:10:33'),(263,12,'actual','for_buy',263,'2021-05-03 14:20:50','2005-02-18 19:34:49'),(264,51,'terminated','for_buy',264,'1990-09-20 02:38:40','1999-08-30 02:19:50'),(265,18,'done','for_sale',265,'2017-08-05 02:22:13','1975-11-24 07:07:37'),(266,22,'done','for_sale',266,'1971-02-21 19:28:40','1996-08-10 12:55:59'),(267,92,'actual','for_sale',267,'1992-09-20 17:45:25','2007-02-10 12:34:05'),(268,81,'done','for_sale',268,'2000-12-11 12:27:49','1970-05-10 07:42:25'),(269,88,'actual','for_buy',269,'2016-07-10 22:25:07','1977-08-19 05:13:51'),(270,75,'terminated','for_buy',270,'1978-01-24 03:15:16','1996-11-16 04:05:29'),(271,57,'actual','for_sale',271,'2000-12-21 08:41:04','2020-11-13 03:21:21'),(272,66,'done','for_sale',272,'1990-12-07 23:31:57','2004-11-04 14:01:09'),(273,90,'actual','for_sale',273,'1991-03-09 15:48:29','1997-02-15 18:24:11'),(274,31,'actual','for_buy',274,'1972-10-27 21:51:44','2002-12-04 14:36:05'),(275,40,'done','for_buy',275,'1999-05-17 18:22:32','2008-03-12 14:59:15'),(276,29,'terminated','for_sale',276,'1984-10-13 17:50:46','1998-11-27 04:16:51'),(277,45,'done','for_buy',277,'1983-10-07 18:16:29','1980-02-08 12:44:35'),(278,80,'done','for_sale',278,'1991-06-08 06:39:42','1984-11-24 14:35:08'),(279,18,'terminated','for_sale',279,'1983-06-27 22:00:11','1971-01-15 18:59:50'),(280,92,'done','for_buy',280,'2020-05-20 05:02:32','1989-04-02 17:38:31'),(281,12,'actual','for_buy',281,'2021-04-21 08:31:35','2015-11-09 21:12:33'),(282,65,'actual','for_sale',282,'1988-05-23 01:40:09','1978-03-08 08:27:56'),(283,83,'done','for_buy',283,'1976-09-26 02:32:05','2009-05-10 20:48:27'),(284,88,'actual','for_buy',284,'1992-09-15 14:42:10','1981-08-28 12:42:52'),(285,20,'done','for_sale',285,'1987-10-01 17:05:22','2015-01-03 00:07:26'),(286,68,'done','for_buy',286,'1981-07-25 01:15:26','1982-04-16 14:27:39'),(287,16,'actual','for_sale',287,'2018-10-05 12:02:50','1986-11-11 05:53:48'),(288,63,'terminated','for_sale',288,'1996-11-07 02:04:04','1996-04-01 15:43:22'),(289,57,'done','for_buy',289,'2008-07-01 08:35:19','2013-06-29 13:32:52'),(290,57,'terminated','for_sale',290,'2005-07-12 03:56:45','2007-01-31 10:48:36'),(291,80,'done','for_buy',291,'2010-03-08 10:25:41','2000-09-07 06:41:16'),(292,87,'terminated','for_sale',292,'1988-02-14 22:16:52','2011-06-05 19:33:49'),(293,72,'done','for_buy',293,'2014-03-24 19:24:26','1997-05-31 08:02:50'),(294,71,'done','for_sale',294,'1990-03-20 19:18:30','1979-09-03 06:28:49'),(295,14,'terminated','for_buy',295,'1976-12-18 02:41:05','1970-09-28 05:22:31'),(296,67,'terminated','for_sale',296,'2014-01-03 13:15:17','1998-04-08 21:38:18'),(297,80,'done','for_buy',297,'2015-11-14 18:23:21','1991-01-22 19:09:06'),(298,18,'terminated','for_buy',298,'1976-01-20 01:37:15','1983-03-01 17:44:26'),(299,7,'actual','for_buy',299,'2005-11-20 16:54:49','2013-09-28 11:29:40'),(300,76,'terminated','for_sale',300,'2001-09-05 06:54:41','2017-01-22 06:55:17');

INSERT INTO `real_estate_types` VALUES 
(1,'flat','1988-03-18 01:50:42'),
(2,'room','1990-05-01 13:42:31'),
(3,'house','1972-03-19 23:39:48'),
(4,'land','1992-03-10 15:03:39'),
(5,'commerce','1988-01-20 19:22:22');

INSERT INTO `real_estate` VALUES 
(1,1,1,1,'VA','Grady','694 cm',255,NULL,3,1,5391.28,'Enim aut alias possimus et eum quis nesciunt repudiandae. Modi molestias numquam eligendi quia. Maxime aut ut ut. Deserunt aut reprehenderit perspiciatis atque ut.','2021-04-04 22:33:06','1980-05-04 04:57:00'),
(2,2,2,2,'CO','Donnelly','016 xf',255,NULL,3,4,24725260.97,'Consequatur autem magni sunt eligendi. Qui explicabo sint eum nihil beatae nobis. Placeat magni eius aliquam ipsa qui et. Voluptatem accusantium aut voluptas cum inventore quam.','2005-04-21 18:27:44','2000-05-01 21:46:05'),
(3,3,3,3,'NJ','Schmeler','075 qh',129,NULL,2,5,1826284.61,'Vitae fugiat placeat aut asperiores. Laborum deleniti adipisci aut sapiente at voluptas quidem. Consequuntur sit a labore dolorem qui fugit voluptatem. Voluptas occaecati omnis voluptatem doloribus pariatur voluptas.','2011-09-21 00:51:26','1980-11-18 15:07:10'),
(4,4,4,4,'IN','Anderson','207 qt',255,NULL,1,9,6555.00,'Est error aliquid quia natus nemo quia. Autem omnis sapiente reiciendis quia ipsum. Veritatis quidem voluptatem dolorum doloribus. Nemo excepturi veniam ratione.','1974-07-27 12:45:34','2014-04-19 02:28:09'),
(5,5,5,5,'MI','Bergstrom','449 el',192,NULL,1,7,23649.75,'Laborum distinctio suscipit expedita quis quas. Dolorum voluptate possimus quod reiciendis. Dolores accusantium quis voluptatem deleniti. Iure vel iste saepe porro rerum alias dicta.','1981-06-26 19:07:18','2003-05-07 17:00:32'),
(6,6,1,6,'UT','Wyman','062 mp',151,NULL,2,3,0.00,'Magni aut non voluptas dolorem sit et laborum. Nemo repudiandae illum eaque sint quasi ut. Hic commodi soluta eaque provident accusantium sequi. Ut aut tempora soluta molestias ut.','2017-01-23 17:18:08','1974-01-22 22:03:18'),
(7,7,2,7,'ID','Batz','173 vw',3,NULL,1,8,7209963.87,'Deleniti harum facilis velit similique voluptas id. Consequatur eum enim expedita aliquam excepturi. Quia accusantium magni est quam fuga dignissimos. Explicabo quos explicabo itaque dolor.','1985-05-17 10:01:42','2017-05-17 22:34:07'),
(8,8,3,8,'ID','Nikolaus','488 zs',255,NULL,1,0,5806.06,'Qui quia ut suscipit in odit. Aut et explicabo ut eos libero tempore. Autem qui sit repellat ut commodi.','2013-04-07 08:22:23','1976-07-12 00:13:48'),
(9,9,4,9,'CO','Nicolas','659 it',255,NULL,4,7,1778319.93,'Impedit modi quia error quis. Qui sed culpa repudiandae voluptas rem vitae quasi. Nam reiciendis mollitia cupiditate id autem. Nam nemo voluptatum distinctio corporis accusamus quasi dolorem.','2019-07-16 03:24:09','1975-08-12 19:57:54'),
(10,10,5,10,'MN','Stoltenberg','928 ab',56,NULL,3,3,3.17,'Eaque nihil deserunt qui doloribus qui velit officia. Qui sit natus aspernatur asperiores nihil et. Earum dolorum exercitationem vel laudantium error accusantium nemo. Culpa occaecati perferendis ex at sunt aut. Tempore aut fuga labore odio maiores modi qui.','1993-12-01 00:31:41','1984-07-28 06:53:28'),
(11,11,1,1,'MT','Bayer','966 cg',252,NULL,1,2,18349.65,'Nihil sed voluptatem ut. Sit dicta cumque unde eaque. Debitis quasi reiciendis eaque blanditiis. Qui iste sunt odit incidunt et eius doloribus.','1979-06-06 05:48:20','1973-03-22 05:21:25'),
(12,12,2,2,'RI','Armstrong','475 vb',47,NULL,1,1,0.00,'Id omnis in molestias sit ut dolor. Aut sapiente natus suscipit dolores et totam enim illum. Sint ipsum et aut numquam. Non assumenda qui labore dignissimos.','1979-12-01 21:45:57','2003-01-27 11:57:08'),
(13,13,3,3,'OR','Barrows','190 mz',215,NULL,2,6,6138.84,'Voluptatem et asperiores accusantium repudiandae et rem repudiandae. Consectetur in vero natus repellat nihil nihil eos. In ut vitae nisi qui.','2011-11-02 18:40:58','1992-01-21 05:49:11'),
(14,14,4,4,'HI','Schowalter','156 kc',144,NULL,4,1,11.58,'Libero qui atque dolor id vel corporis non. Aut eos ratione dicta sapiente fugit laborum praesentium. Qui reiciendis quisquam sed molestiae. Nobis enim est rerum asperiores sed dolor est delectus.','2012-09-07 21:10:40','2011-04-23 16:03:52'),
(15,15,5,5,'LA','Mohr','990 gg',255,NULL,4,1,112.66,'Beatae ut quo possimus totam. Et debitis quia vero quibusdam est iusto est reprehenderit. Velit ut fugiat animi repellendus.','1976-03-06 10:00:16','1998-01-11 09:23:38'),
(16,16,1,6,'RI','Kohler','457 os',136,NULL,1,8,577605462.00,'Similique exercitationem ut repellat. Autem vero voluptatem sit officiis nulla numquam voluptatem.','1980-09-07 13:33:21','2018-04-13 09:45:13'),
(17,17,2,7,'TX','Feeney','322 bs',255,NULL,2,1,44.66,'Dignissimos voluptates nulla et aut. In totam qui officia ducimus consectetur autem. Fugiat numquam quis odio consequatur.','1997-10-24 22:39:27','2000-06-23 15:09:46'),
(18,18,3,8,'WI','O\'Connell','782 mv',146,NULL,3,8,3.70,'Sequi ut asperiores esse. Aliquam minima eveniet omnis. Blanditiis sunt illum omnis quisquam consequatur ut. Magni sed aliquid quidem architecto commodi nisi dolor qui.','1975-04-29 23:48:27','1997-04-19 14:09:12'),
(19,19,4,9,'NY','Spinka','880 yp',255,NULL,1,6,6964166.73,'Tempore reprehenderit praesentium non maxime quaerat quas. Voluptatem mollitia et at consequatur qui. Sed molestiae iusto quos officiis voluptatum. Ut dolorum quas et quis dolores.','2008-11-05 09:16:00','1978-03-17 09:14:58'),
(20,20,5,10,'WV','Tremblay','241 hj',163,NULL,2,2,3757766.52,'Reiciendis aut veritatis maiores quas reiciendis suscipit aliquid consectetur. Ab et iure tempora hic. Voluptatem ullam accusantium dolorem animi et laboriosam nobis. Non molestias culpa et est quae sunt et.','1988-06-14 21:09:34','1984-03-20 15:37:10'),(21,21,1,1,'NH','Hand','818 mr',81,NULL,1,0,0.43,'Molestiae dolores vitae nobis. Corrupti ipsam et id in commodi quae. Ea magni est accusamus deleniti aut enim sunt. Provident qui esse architecto voluptatum harum dolorum fuga.','1970-04-29 23:55:15','2020-03-25 21:49:18'),(22,22,2,2,'CA','Sipes','531 pq',221,NULL,3,6,3547938.25,'Et dignissimos molestiae iusto deleniti sint pariatur magnam voluptatem. Velit qui quam eos quaerat. Quaerat suscipit quo facere ut. Aut veniam est odit cupiditate.','1992-06-21 08:24:45','1974-07-09 03:02:00'),(23,23,3,3,'NH','Bechtelar','346 nz',50,NULL,3,0,0.99,'Distinctio quae quod ipsam adipisci laborum esse ut. Sequi aut quis suscipit quia. Quo voluptate at tempore amet omnis. Sint velit harum quia officia quia iusto minima.','2018-12-02 21:39:53','2016-09-11 06:05:56'),(24,24,4,4,'MN','O\'Kon','194 xb',246,NULL,2,0,102359.63,'Consequuntur iusto enim animi eum. A sit qui aut iste quae voluptatem saepe. Id vel quia corrupti repellendus. Quam harum dolorem blanditiis corrupti.','2003-12-31 22:12:10','1981-11-16 04:23:37'),(25,25,5,5,'KS','Maggio','742 sm',137,NULL,2,9,18.73,'Expedita inventore assumenda placeat perspiciatis. Debitis sequi hic voluptas soluta maxime eligendi. Aut reiciendis autem quia unde aut ratione quia.','2008-02-03 05:06:24','1979-12-16 03:26:47'),(26,26,1,6,'UT','Davis','228 to',40,NULL,4,3,5.32,'Sed voluptas voluptatem facere vero corporis ea. Minima enim velit quidem qui. Et autem harum magni.','1999-06-17 21:11:41','1995-05-22 18:27:39'),(27,27,2,7,'KS','Mills','044 xs',135,NULL,4,8,0.00,'Quaerat placeat voluptas aut autem. Exercitationem iusto quae quo nostrum vero qui consequatur. In dicta dignissimos dolores ut. Libero impedit eum quia repudiandae aut repudiandae.','2019-01-01 09:20:10','1993-11-16 20:52:22'),(28,28,3,8,'TX','Dicki','217 by',77,NULL,4,8,0.47,'Ut odit totam cumque inventore possimus magnam ea fuga. Porro tenetur sit corrupti qui velit fugit nemo. Voluptas unde nihil nisi.','2009-03-11 20:16:09','1987-07-23 00:55:37'),(29,29,4,9,'MA','Quigley','373 zz',118,NULL,1,1,17263604.27,'Dolorem repudiandae placeat dolorem ab et hic. Tempora quos officiis excepturi consequatur. Ut pariatur voluptatum nobis et eveniet odit.','2005-05-04 13:35:52','1986-04-12 12:19:17'),(30,30,5,10,'SD','Moore','872 uj',255,NULL,4,8,8664.20,'Numquam ab ea quam consequatur quo eveniet. Doloribus non assumenda qui dolor iure. Distinctio qui accusantium nulla dolorem ratione consectetur sit. Accusamus explicabo sint sunt culpa.','1982-08-08 07:03:58','1977-05-29 02:32:22'),(31,31,1,1,'MO','Sanford','935 vu',255,NULL,4,5,442663247.16,'Modi neque commodi et praesentium quos voluptas amet omnis. Qui porro corporis possimus rem. Illum qui molestiae quod facere pariatur. Possimus dolores doloribus ipsa natus totam nemo. Amet iure iure facere sint blanditiis ea nulla.','1975-10-11 13:28:41','1987-08-08 11:59:32'),(32,32,2,2,'NE','Block','849 nb',165,NULL,3,9,111.00,'Nulla debitis est omnis fugit aut ratione. Id atque porro aut et error. Error porro repellat quisquam dolor.','2002-04-30 11:09:05','1979-03-08 21:25:09'),(33,33,3,3,'PA','Bartell','008 jd',255,NULL,4,1,599786599.88,'Iure praesentium rem dicta quis est. Aut repellendus architecto dolores rerum. Et et et ipsam sint porro delectus libero. Rem hic quidem eaque non quam dolor.','2018-07-09 22:02:11','1973-04-14 06:04:46'),(34,34,4,4,'AL','Hansen','310 mb',112,NULL,2,4,1.85,'Possimus tempore est officiis impedit. Quis nisi ducimus eos ex aliquid totam dolores. Nemo quaerat optio aut aliquam.','1981-11-15 00:18:32','2014-10-11 00:21:04'),(35,35,5,5,'WA','Bauch','634 tg',26,NULL,1,5,5.56,'Placeat aspernatur molestiae sit necessitatibus aliquam deserunt. Animi debitis et officiis rerum labore soluta voluptatem sunt.','2015-01-06 10:44:57','1970-08-05 22:06:58'),(36,36,1,6,'CT','Ondricka','081 nz',19,NULL,3,2,230.86,'Et unde laborum in quis beatae voluptatum est. Quos autem autem ad aspernatur cumque provident sed. Error soluta suscipit facilis facere ullam mollitia et. Enim ratione in similique.','2000-12-13 00:18:36','1996-12-11 02:07:22'),(37,37,2,7,'AZ','Harvey','832 wt',91,NULL,3,2,4493728.62,'Quibusdam sit necessitatibus aliquam aut in aliquid laborum est. Qui quod at praesentium fugit nulla deserunt. Perferendis tenetur alias doloremque itaque ipsum cum ut. Excepturi beatae eveniet commodi quod dicta at.','2019-03-10 13:31:49','2010-03-15 16:40:34'),(38,38,3,8,'MD','Kautzer','110 kh',255,NULL,2,6,9.00,'Repellendus aut neque asperiores qui ab nesciunt molestias. Sed earum et soluta voluptas maxime eaque ratione animi. Et labore aut ut amet dolorem.','2009-10-26 07:51:44','2006-04-20 09:11:47'),(39,39,4,9,'OK','Leuschke','425 kd',255,NULL,3,7,51246976.83,'Quis esse et voluptatum minima repudiandae et. Sunt quas rerum quia similique. Velit quibusdam recusandae id qui.','2015-06-11 11:27:53','1991-11-28 03:03:18'),(40,40,5,10,'CO','Schultz','391 kg',168,NULL,3,3,23303.97,'Autem velit delectus qui consequatur officiis. Eaque ut et consectetur ut et ut in sint. Autem cupiditate repudiandae quis provident sit. Accusamus quas non quia consequuntur. Vero ratione animi rem deleniti voluptates est cum.','1982-08-08 00:58:41','2006-02-20 23:33:39'),(41,41,1,1,'KY','Wyman','228 cw',255,NULL,2,9,0.00,'Nam placeat cupiditate temporibus id perferendis dolores. Consequatur commodi labore dolorem alias quas explicabo. Omnis tenetur possimus dolorem placeat facere nisi sed.','1993-06-06 12:52:00','1979-05-31 06:28:24'),(42,42,2,2,'SC','Sipes','219 fq',5,NULL,3,6,0.00,'Aperiam quia fugit omnis hic. Molestiae expedita iure quibusdam suscipit vitae.','1973-05-13 18:24:07','1979-08-28 15:20:04'),(43,43,3,3,'MA','Bosco','813 rn',255,NULL,4,3,34.81,'Veritatis velit aperiam impedit excepturi nihil. Asperiores alias autem aut repellendus delectus minima. Repudiandae expedita laborum voluptas facilis animi. Delectus eos et et nihil nobis distinctio.','1972-02-02 21:10:41','1973-11-29 02:17:39'),(44,44,4,4,'CO','Trantow','552 hz',74,NULL,4,5,339416932.22,'Autem corporis ut ducimus consequatur. Nisi ratione aut numquam hic aut. Qui architecto eius totam quae consequatur molestiae.','1996-01-21 11:08:33','2011-03-17 08:29:40'),(45,45,5,5,'VA','Kassulke','609 ni',185,NULL,1,9,0.00,'Sequi praesentium molestiae vitae magnam. Id cupiditate quidem est. Repellendus est dolor esse mollitia velit sunt corrupti.','2019-08-06 05:36:29','2018-11-06 11:12:54'),(46,46,1,6,'IA','Ratke','991 xq',255,NULL,1,3,217061.68,'Qui non in cupiditate. Consequatur qui eum et explicabo voluptatum eveniet minus. Voluptate placeat fuga quisquam enim molestiae distinctio consequuntur. Alias blanditiis deserunt aut quisquam.','1978-01-26 15:09:43','2001-07-09 18:58:23'),(47,47,2,7,'WI','Durgan','588 qs',180,NULL,4,9,0.75,'Voluptas deserunt sint quibusdam non. Repellat sapiente eveniet vel et vero vel ea. Nulla suscipit odit porro dolorum voluptates magnam.','2004-04-25 14:45:44','1978-04-13 14:38:12'),(48,48,3,8,'SD','Kutch','200 bh',255,NULL,4,5,0.35,'Dolores dolores voluptatem rerum dolorem. Nostrum possimus est quos placeat. Minima reiciendis velit dolores saepe fuga inventore aut est.','1985-02-03 12:42:10','1999-10-29 15:32:30'),(49,49,4,9,'OH','Veum','429 iy',202,NULL,1,1,70738.00,'Minus aut blanditiis est sit et fuga dolorem. Et et repellendus est totam est nihil. Et incidunt quibusdam ratione est sunt. Consequatur in velit autem ut odio in neque animi.','2014-01-04 02:26:22','2004-11-02 23:52:05'),(50,50,5,10,'PA','Schaefer','397 nk',153,NULL,4,1,3.40,'Asperiores eum dolore dolores aliquam quas. Est recusandae nemo vitae ratione similique consequatur. Sed ab nesciunt illum labore.','1987-06-09 14:43:33','2001-05-19 21:20:18'),(51,51,1,1,'IN','Dare','800 wu',159,NULL,3,8,106.20,'Maxime rerum quibusdam tempora cupiditate et quaerat officiis. Molestiae reprehenderit consequatur temporibus officia labore ex. Quia facere in sint sunt vitae. Aliquam perspiciatis suscipit aut.','1971-05-24 02:03:46','2017-09-15 19:15:51'),(52,52,2,2,'WY','Kris','058 ys',30,NULL,4,2,0.00,'Dignissimos dolorum soluta excepturi in debitis non. Ea quam minima autem sint. Et velit ducimus at neque quaerat est. Id quia sit nam dolores dolores.','2020-12-06 05:31:38','2000-12-22 14:43:39'),(53,53,3,3,'NC','Witting','148 fd',161,NULL,4,7,4.57,'Et nisi at velit saepe accusantium. Doloremque hic assumenda qui deleniti molestiae. Sapiente dicta fuga nesciunt dolorum quis nobis odio. Sunt est adipisci molestiae. Illo quia totam laboriosam autem et porro quis ipsam.','1983-01-04 12:07:37','2001-12-11 05:13:58'),(54,54,4,4,'AZ','O\'Kon','004 xt',161,NULL,4,7,2.50,'Alias non commodi aliquam sapiente reiciendis ipsum. Earum numquam tempore modi dolorem.','1993-01-06 04:21:35','2015-03-08 16:17:10'),(55,55,5,5,'NH','Hane','155 tc',173,NULL,3,3,59046.04,'Earum sit praesentium voluptatem et sit atque exercitationem. Voluptatibus vel maiores ipsa quos iusto hic. Nobis quis enim ut ipsam quis maxime voluptatem veniam. Non accusantium sunt est nam quaerat.','1985-03-19 22:30:17','1983-08-18 19:40:17'),(56,56,1,6,'NV','Sanford','404 ny',255,NULL,3,8,3.39,'Quam quis aspernatur qui autem ea. Voluptatum at labore et aut non. Molestias aperiam natus tempore autem totam.','2015-08-26 06:33:10','2001-01-22 04:22:54'),(57,57,2,7,'ND','Dickinson','017 wm',6,NULL,4,8,1080338.79,'Commodi error error et error. Quis architecto sit odit. Non mollitia dolores facere eos aut consectetur natus. Perferendis a aut illo sed qui inventore. Eum officiis perspiciatis impedit blanditiis quos tenetur aliquam.','2003-07-02 20:52:14','2008-12-22 23:40:38'),(58,58,3,8,'NH','Marquardt','932 jh',202,NULL,4,4,9054.90,'Voluptatem commodi itaque nemo iste nobis aut. Magnam tempore et ab vel. Consectetur hic dolorum voluptatibus quidem et repellat. Rerum est ut consectetur alias.','2004-11-23 10:43:45','1987-03-30 17:13:24'),(59,59,4,9,'MO','Walter','810 mj',146,NULL,4,1,2964.25,'Nesciunt amet modi porro tempora mollitia ut error. Labore natus praesentium minus eos delectus. Et quibusdam porro eveniet architecto.','2007-05-24 05:17:16','1986-12-24 18:10:15'),(60,60,5,10,'KY','Grady','988 yb',236,NULL,4,2,0.00,'Sunt ut in accusantium ut quod quia sunt. Quasi rerum omnis adipisci neque impedit fugit soluta. Rerum nemo sit porro ea qui sit quia.','1971-01-23 16:57:43','2007-06-14 10:15:46'),(61,61,1,1,'AR','Murphy','651 pi',245,NULL,4,3,2300.98,'Eveniet aut beatae consequuntur. Impedit consequatur quod nihil quidem ea odit natus. Dolorum enim quaerat deleniti. Ut nihil praesentium doloribus.','1996-08-20 11:07:43','2003-03-05 21:25:31'),(62,62,2,2,'WY','Corkery','256 yg',161,NULL,4,3,3418399.85,'Fuga molestiae qui dolor laborum rerum et. Recusandae beatae et dignissimos ut fugiat temporibus. Sint sit ratione autem id mollitia dicta et. Nemo deserunt non sapiente a ratione. Ducimus quidem laborum non labore consequuntur veniam.','2016-08-08 09:54:14','1983-04-21 16:33:33'),(63,63,3,3,'KY','Quitzon','854 kw',237,NULL,4,3,14681.82,'Non et aperiam maxime dolorum ratione blanditiis. Nemo quisquam voluptatem laboriosam accusantium voluptas consequatur. Sapiente impedit ut animi ipsum atque. Temporibus qui facilis cumque omnis omnis natus.','2001-06-25 01:52:53','1997-05-06 00:42:02'),(64,64,4,4,'TN','Heathcote','776 dm',59,NULL,2,8,0.00,'Et excepturi temporibus quasi voluptas rerum. Similique mollitia temporibus fugiat delectus aut. Voluptates quia est molestiae et sunt architecto dolorem.','1993-07-27 18:36:23','1999-01-31 17:23:14'),(65,65,5,5,'AR','Fritsch','585 pt',1,NULL,4,0,181901398.44,'Enim facilis occaecati deserunt in nihil molestiae. Omnis molestiae assumenda explicabo rem consequatur facilis. Consequuntur maiores mollitia voluptatem sapiente in quia reprehenderit qui. Et consequatur magnam sapiente ut.','1983-06-06 17:00:01','1985-05-12 16:24:25'),(66,66,1,6,'NJ','Quigley','098 yu',252,NULL,2,0,1.45,'Soluta ut suscipit voluptates. Iusto expedita unde ullam sed.','1974-04-21 21:45:18','2008-10-28 00:41:00'),(67,67,2,7,'MA','Daugherty','448 mc',255,NULL,1,8,18241.00,'Eos rerum soluta est vel nemo. Eos sunt culpa repellendus voluptatem corrupti repudiandae est.','1978-12-31 15:56:51','1988-10-10 09:53:03'),(68,68,3,8,'TX','Morar','286 bm',255,NULL,2,6,7010242.93,'Dignissimos modi aut voluptas error sed maiores commodi iusto. Ut exercitationem amet minus et aut et. Sunt beatae sunt ad sequi. Pariatur aut incidunt nemo aut quos. Et ullam molestiae quam id earum repellat.','1985-03-13 00:14:56','1971-12-18 17:34:22'),(69,69,4,9,'OR','Fadel','220 mj',255,NULL,4,7,129809249.80,'Quod quidem et veritatis deserunt ut magnam. Qui harum harum voluptatem consequatur repellendus qui. Rerum qui non pariatur aut vitae numquam et. Perspiciatis ut ipsa dicta et eos nulla culpa temporibus.','1996-01-29 10:35:59','1984-05-17 07:07:08'),(70,70,5,10,'WV','Rolfson','108 gg',255,NULL,4,4,143.53,'Consectetur sequi qui minima sed accusantium. Id sed soluta minima eum alias. Eum qui ea asperiores. Fugiat voluptas sed veritatis non non ullam quia.','1975-02-13 10:32:51','1981-05-13 22:23:57'),(71,71,1,1,'NJ','Schultz','582 cw',127,NULL,3,3,4843.09,'Est odit soluta est quia qui. Iure ratione rerum dolorem repellendus. Autem libero tempore ut reprehenderit quibusdam nihil. Placeat quo unde omnis qui ex in dolorem. Velit ducimus aliquid rerum.','2005-11-16 06:48:58','1979-07-16 11:14:16'),(72,72,2,2,'WI','Emmerich','788 sp',255,NULL,4,6,0.00,'Ut natus molestiae dolore amet magni qui ut pariatur. Accusantium odio eveniet voluptas quis exercitationem animi id.','2020-11-18 02:05:30','1990-05-13 15:42:49'),(73,73,3,3,'SD','Hackett','807 fn',255,NULL,3,9,183076539.09,'Dolor vel excepturi et porro et. Provident accusantium aut est sit laudantium culpa. Dolor provident minima quidem veniam ullam voluptas quis.','2009-08-28 07:29:10','1984-09-11 21:41:23'),(74,74,4,4,'ME','Metz','618 ki',85,NULL,3,4,297682004.26,'At cumque veritatis voluptatum assumenda. Neque nemo sunt quis. Cumque et magnam quas corporis aliquam provident ut. Cupiditate qui velit ut excepturi quis.','2012-03-14 09:06:26','2012-04-21 05:34:35'),(75,75,5,5,'WY','Schoen','611 ci',167,NULL,4,4,90812652.15,'Eveniet in aut modi voluptates. Eaque architecto praesentium blanditiis eius ad. Maxime distinctio eos nulla animi quaerat velit labore. Quis alias quae molestiae dolorum praesentium dolor.','2010-08-03 14:47:26','1988-09-18 14:22:09'),(76,76,1,6,'NJ','Aufderhar','384 ev',255,NULL,1,1,0.00,'Voluptatum et voluptates necessitatibus reiciendis est qui illo. Quasi occaecati culpa esse. Nesciunt et provident consequuntur nam. Fuga dolor maxime culpa modi aperiam necessitatibus error.','2017-03-17 04:40:58','2002-08-13 14:22:07'),(77,77,2,7,'NM','Kerluke','851 st',80,NULL,2,0,56908164.30,'Ea quasi voluptate quos delectus ad. Nam tempora error molestiae eaque rerum. Similique qui sint eius odit. Impedit explicabo fuga quam ullam minus perferendis voluptatem.','1985-08-18 17:48:00','1994-09-18 00:43:44'),(78,78,3,8,'MA','Schowalter','837 do',57,NULL,4,3,223679.37,'Neque nihil similique placeat et. Aut nobis neque eius aliquid explicabo. Vero qui aspernatur in corrupti blanditiis. Quaerat voluptatem sed et eaque similique voluptatem.','2019-03-12 18:35:50','1992-01-19 18:44:19'),(79,79,4,9,'AZ','Hane','545 ho',255,NULL,1,1,988.91,'Sint placeat velit quisquam cumque commodi. Ipsam mollitia mollitia rerum at. Et sed consectetur dolores dolores omnis. Dolorem quo neque ea necessitatibus.','1976-05-06 17:36:39','2013-09-20 18:15:25'),(80,80,5,10,'ID','Kerluke','194 js',255,NULL,1,0,2679.30,'Sed qui sint tempore quibusdam consequuntur consequatur optio hic. Est et unde et officia molestiae voluptas. Ad sed cum sequi qui sint dolor. Et reiciendis enim expedita quae id aspernatur magnam.','2008-02-22 04:07:08','1995-09-13 16:11:57'),(81,81,1,1,'ND','Kunze','924 eg',117,NULL,1,0,86329811.98,'Earum assumenda totam ad vel quia. Minus maxime est autem ut in libero amet sed. Eveniet vitae itaque quo.','1984-05-28 17:22:08','2011-07-28 17:52:57'),(82,82,2,2,'CA','O\'Hara','741 eq',249,NULL,2,5,16944490.10,'Enim corporis nisi exercitationem similique. Expedita vitae laudantium et officiis. Itaque voluptas et laborum provident illo.','1994-08-14 13:49:06','1986-07-11 00:50:44'),(83,83,3,3,'KS','Emmerich','675 jg',255,NULL,1,9,665.84,'Magni voluptas nulla eos quis. Ipsam magni dolorem sed in sint ea. Et praesentium sed in ipsum.','1977-10-31 10:52:51','2000-03-27 07:07:00'),(84,84,4,4,'LA','Schoen','528 lq',57,NULL,1,8,59580.94,'Aliquam consectetur praesentium unde voluptatem nihil dolorem magnam. Est qui iste ut. Ducimus quia omnis iure qui et.','1975-10-07 06:50:23','1993-03-20 16:02:39'),(85,85,5,5,'KY','Von','253 it',115,NULL,1,8,4239959.24,'Ducimus tempora ullam laudantium fugiat numquam eaque. Adipisci aliquam eum hic veritatis. Omnis in sit laudantium magni quod natus deserunt. Et odit mollitia incidunt accusantium non enim.','1983-07-28 15:00:40','2005-04-21 01:20:16'),(86,86,1,6,'AK','Ward','724 ie',255,NULL,3,6,0.00,'Facere quia ut adipisci praesentium ipsam. Quia qui eos incidunt et voluptas. Non magni id et voluptate sed quae quam et. Suscipit quidem nulla nobis blanditiis magnam voluptatem consequatur.','1995-05-07 08:30:57','2015-01-08 19:04:44'),(87,87,2,7,'TN','Pagac','006 qe',75,NULL,1,5,0.00,'Est consequatur harum similique ab. Rem accusantium quasi accusamus sapiente corporis totam sed. Sequi non ea ea voluptatem. Sed harum blanditiis deserunt et voluptatem est.','2004-07-27 17:41:59','1996-06-10 07:04:29'),(88,88,3,8,'NJ','Sanford','741 wb',68,NULL,4,6,13692145.14,'Voluptatem blanditiis officia explicabo. Facilis ab aut alias ut eos quae. Cumque at et est vitae repellendus voluptatem similique. Inventore adipisci illum rerum voluptatem.','2010-03-16 10:33:46','2000-04-22 08:50:41'),(89,89,4,9,'MO','D\'Amore','846 zy',255,NULL,1,7,12.00,'Alias et qui laudantium. Voluptatum et atque iste ut ut. Id suscipit magnam omnis quisquam facilis odit.','1988-05-25 07:00:20','2011-04-03 01:48:37'),(90,90,5,10,'RI','Muller','375 fc',26,NULL,2,9,0.00,'Non mollitia illum aut sapiente. Rerum eius aut autem quia sed quia qui. Assumenda aut ut perspiciatis blanditiis itaque possimus expedita.','1981-12-12 14:47:30','1971-04-19 23:19:35'),(91,91,1,1,'MT','Stoltenberg','885 qh',255,NULL,1,2,143277.18,'Provident sequi ullam amet magni. Qui quis consectetur enim nihil omnis. Repellat aut nihil asperiores fugiat non maiores.','1986-06-03 03:09:49','2013-04-14 08:39:25'),(92,92,2,2,'CT','McClure','121 ji',255,NULL,2,5,119684.79,'Eum ut ducimus accusantium sit assumenda culpa. Magni ab et aut deleniti atque. Iste rerum ducimus voluptatem soluta quas magnam. In non nemo illo quasi beatae magnam voluptatum.','2003-08-19 01:03:42','2010-12-19 05:52:18'),(93,93,3,3,'ME','Gerlach','108 ti',23,NULL,2,6,1700252.16,'Ut quo minus sapiente maxime nulla. Corporis minus magni sit ut nesciunt dolorum nam. Soluta non eos et aperiam vel dicta quod. Et deserunt at cupiditate excepturi corrupti. Id nulla vel incidunt quo molestiae ipsam itaque iusto.','2015-11-09 07:43:36','2013-12-20 17:09:36'),(94,94,4,4,'NM','Schmitt','929 yx',198,NULL,1,6,8.80,'Sit veritatis earum in hic ea quis laudantium. Laboriosam cumque temporibus qui vitae quam sunt. Dolores voluptatem sed aut quae aspernatur repellat.','2014-11-19 20:14:59','2005-03-28 08:46:15'),(95,95,5,5,'MO','Crona','244 ip',57,NULL,4,8,36199.11,'Non ratione in qui repellendus. Atque nobis ut veniam eveniet eum. Ut qui sapiente qui sit veniam.','2004-06-30 23:43:54','2019-09-20 09:03:19'),(96,96,1,6,'IA','Price','326 ln',246,NULL,4,8,0.00,'Rerum impedit id reiciendis blanditiis eum ut tenetur. Harum a et rem ex adipisci vel harum ut. Consequatur velit occaecati odit quibusdam aliquid enim. Quo quis nam excepturi.','1989-03-02 10:43:44','2017-07-25 02:10:30'),(97,97,2,7,'SC','Runte','018 sm',2,NULL,4,5,0.00,'Porro sed earum nemo est. Molestiae omnis voluptatem optio voluptas architecto corrupti distinctio necessitatibus. Veniam deserunt ratione voluptates. Quia delectus a quibusdam accusantium occaecati.','1974-03-21 21:13:03','2016-06-13 16:37:30'),(98,98,3,8,'MD','Ziemann','807 yi',255,NULL,4,5,0.00,'Vitae dignissimos iste et ea eum ullam. Et fugiat incidunt possimus temporibus voluptas aperiam nulla. Rerum non quo dicta est.','1995-02-22 18:27:35','2002-01-14 21:37:27'),(99,99,4,9,'CT','Kulas','485 ff',39,NULL,2,4,20516.55,'Veritatis numquam ducimus pariatur rem qui eveniet consequatur qui. Saepe ut saepe placeat est perferendis. Sunt commodi et qui ullam. Natus et quis consequuntur ratione quia distinctio pariatur.','2017-11-12 10:45:44','2020-06-15 08:03:45'),(100,100,5,10,'MT','Armstrong','149 xk',155,NULL,2,6,15688.07,'Est omnis reprehenderit ipsa doloribus commodi ratione in. Error quia nihil magni fugit. Labore quia reprehenderit quia excepturi sunt aliquid. Sed voluptatem et reprehenderit rerum rerum.','2006-02-27 04:48:48','1976-11-22 17:29:48'),(101,101,1,1,'ME','Schneider','207 da',216,NULL,4,2,29.69,'Esse vero praesentium quis alias quia tenetur vel. Ipsum dolor sunt culpa aut amet perferendis ut. Laudantium ducimus voluptas nostrum nihil ipsum totam.','1998-08-13 19:00:28','1974-03-16 07:00:52'),(102,102,2,2,'TN','Dicki','819 my',192,NULL,1,2,213855.40,'Sapiente porro sed placeat eos. Et voluptate hic facere dolorum hic veniam consequatur. Quia et aspernatur dolores nihil et.','1994-08-22 03:44:26','1987-08-27 04:15:40'),(103,103,3,3,'MA','Schumm','353 gf',255,NULL,3,4,0.00,'Molestias id cum veritatis cum. Deserunt et totam sit id odit. Fugiat eligendi deserunt eius ut vel.','1978-06-11 10:55:58','2004-07-08 16:49:23'),(104,104,4,4,'WY','Weissnat','754 em',169,NULL,1,8,297661197.92,'Voluptatem id veniam fugiat ratione ut rerum enim. At quae quibusdam suscipit dicta et optio. Officiis asperiores odit ut ea inventore excepturi. Optio perspiciatis accusantium maiores sed.','1977-10-29 04:28:33','2007-08-30 06:06:11'),(105,105,5,5,'LA','Hauck','693 lf',157,NULL,1,4,0.00,'Enim dignissimos error non cum sunt aspernatur. Sunt optio blanditiis porro in tempore voluptas nostrum. Fuga ut ullam aut et voluptas voluptas eveniet.','2010-12-03 16:09:01','1984-03-23 06:07:29'),(106,106,1,6,'VA','Casper','354 ao',255,NULL,3,7,4922645.52,'Commodi quisquam esse incidunt corrupti ea soluta. Quae quibusdam magnam quaerat non debitis consequuntur. Occaecati officia non temporibus rem est officiis.','1986-01-08 17:43:40','1971-03-17 11:07:50'),(107,107,2,7,'NH','Mayert','587 wj',41,NULL,3,5,0.00,'Ut expedita voluptate est expedita. Autem et molestiae voluptatem aliquid. Animi sunt distinctio inventore tempore aut. Culpa excepturi blanditiis error ipsam.','1971-12-25 03:19:04','1998-12-03 11:06:56'),(108,108,3,8,'VA','Gaylord','361 xm',72,NULL,1,1,5067500.86,'Expedita et esse vel. Voluptatem pariatur dolorum ut ipsa quisquam qui eius. Sit illum et quidem et maiores perferendis.','1971-11-02 05:13:47','2019-10-21 11:23:58'),(109,109,4,9,'AL','Barrows','743 fm',249,NULL,1,8,231.37,'Commodi cupiditate dolores quaerat numquam magnam dolor quis quia. Autem doloremque incidunt qui accusamus. Est ipsam officiis animi et voluptatibus rerum. Dolores adipisci velit dignissimos. Similique et eligendi veritatis quo molestias.','1991-04-25 07:52:12','2010-01-23 10:47:53'),(110,110,5,10,'TN','Aufderhar','223 yi',88,NULL,2,1,9376.79,'Dignissimos optio exercitationem et ut et vel. Ipsum sed delectus tempore excepturi qui earum assumenda. Sapiente minus enim sint placeat nemo inventore perferendis. Dolorum mollitia odio at.','1994-05-10 15:56:01','2019-03-14 21:11:22'),(111,111,1,1,'CT','Johns','145 ui',210,NULL,2,3,3786.32,'Voluptate tempora corporis dolor est. Tempora blanditiis ratione ad officiis soluta quis voluptate.','2015-08-04 03:27:27','1981-07-15 21:58:31'),(112,112,2,2,'AL','Shields','521 wc',72,NULL,4,8,6290.00,'Et omnis mollitia doloremque. Necessitatibus sed aspernatur pariatur nobis facere et. Sunt minima blanditiis ea aut.','2010-08-06 05:23:32','1972-07-24 19:25:22'),(113,113,3,3,'MA','Waelchi','148 st',144,NULL,2,3,369.04,'Sit rerum deserunt quis maxime est debitis atque labore. Eaque impedit porro ipsa. Eveniet magni consequatur et eum omnis modi porro.','1991-03-24 15:35:27','2019-03-11 16:45:29'),(114,114,4,4,'MS','Hartmann','237 il',183,NULL,2,6,452.37,'Voluptas molestias nesciunt eligendi saepe. Ut aut pariatur eum eum vero id velit. Non sed laborum commodi corrupti.','1979-06-15 19:05:56','1985-11-26 02:01:00'),(115,115,5,5,'NM','Tromp','697 rn',218,NULL,1,8,0.37,'Nulla nesciunt quasi voluptas minima et. Saepe quasi quia ipsam ad. Eligendi modi quia ex sequi.','2015-09-09 12:25:33','1978-08-16 22:52:12'),(116,116,1,6,'ID','White','437 lb',11,NULL,1,9,16574922.87,'Consequatur est velit ipsa ut ut exercitationem. Nulla aut veritatis vitae nulla ea est. Ad sequi quisquam error et.','1985-10-02 14:33:53','1974-05-24 12:33:52'),(117,117,2,7,'WY','Prohaska','893 qi',233,NULL,4,6,1.00,'Et qui ratione eos aut illo. Hic nam incidunt quidem pariatur quia aut accusamus. Autem atque dolorem natus.','1995-04-29 16:11:35','2004-10-10 22:05:14'),(118,118,3,8,'TX','Von','563 nu',174,NULL,1,3,2238087.92,'Vitae nisi nam perferendis quia. Suscipit rerum tempora fugit cumque occaecati asperiores. Officiis beatae odit veniam omnis aut similique.','1986-08-10 23:18:41','2000-07-13 21:00:28'),(119,119,4,9,'AK','Langworth','039 bt',227,NULL,2,5,1459.81,'Qui delectus rerum voluptatum necessitatibus explicabo aut iste. Aut aut nam accusantium autem quisquam cum. Rerum amet reprehenderit dignissimos rerum quaerat quos.','2005-02-20 12:41:07','2000-01-08 11:38:16'),(120,120,5,10,'WA','Lemke','317 ix',242,NULL,1,3,46879.25,'Sit corrupti voluptatem debitis deleniti. Nihil earum officia quas et ex. Voluptatum consequuntur rerum ducimus nam earum sed.','1974-09-23 21:38:43','1978-07-13 23:47:16'),(121,121,1,1,'MO','Ledner','333 dz',143,NULL,2,1,7990.46,'Non reprehenderit sunt sed non. Consequatur dolores distinctio perferendis voluptatem ut. Fugit voluptatem aut aut et consequuntur. Enim est eveniet ipsum quis.','1984-11-30 09:42:17','2013-11-21 20:15:52'),(122,122,2,2,'WV','Ferry','280 jj',234,NULL,1,1,35893.54,'Odio suscipit atque ab et. Sunt quia et laudantium qui consequatur omnis. Sit voluptates provident similique. Veniam quam dicta nulla nulla qui.','2002-03-19 08:51:54','1986-08-28 21:15:07'),(123,123,3,3,'NM','Mayer','996 wc',218,NULL,1,4,7.23,'Impedit adipisci ratione dolor aliquam molestiae quae dolores. Sint cupiditate odio odio. Voluptatem quo vero reiciendis natus.','2001-05-07 19:18:59','2005-05-21 08:21:04'),(124,124,4,4,'SD','Mayert','703 ce',154,NULL,1,2,15547659.22,'Eos et voluptatem exercitationem soluta qui. Aperiam incidunt nulla alias similique dolorem libero est. Rerum architecto at hic ratione eius.','2017-06-24 00:05:51','1996-02-08 00:41:23'),(125,125,5,5,'MT','Renner','213 ye',69,NULL,3,2,3597929.57,'Quibusdam corporis quis culpa incidunt omnis. Debitis consequatur sapiente nisi illum. At qui deserunt aliquam omnis veritatis dicta.','2004-03-05 16:40:26','1975-06-18 19:40:40'),(126,126,1,6,'OK','Borer','402 ng',124,NULL,4,2,339.61,'Nobis dolorem ut ea optio ab deserunt facilis. Eos repellat et eum porro iure ex. Eaque veritatis cum et. Nemo harum atque omnis aliquam.','1988-12-08 20:22:44','1976-09-11 08:58:10'),(127,127,2,7,'NV','Witting','207 nb',161,NULL,1,3,18.70,'Architecto veniam ut dignissimos consequatur natus. Maiores sit sint neque ad. Exercitationem voluptate blanditiis eligendi a.','1998-12-31 22:47:03','1972-12-30 16:14:07'),(128,128,3,8,'DE','Ledner','150 kf',98,NULL,1,7,1.28,'Dolores esse consectetur voluptatem quia quo quisquam debitis. Debitis magni repudiandae eius saepe itaque blanditiis aliquam hic. Ea voluptates voluptas ducimus voluptas eum. Quo veniam maxime architecto.','2013-09-13 11:39:32','2001-09-30 19:03:56'),(129,129,4,9,'CO','Kozey','724 wh',146,NULL,4,1,236.09,'Sed omnis cupiditate placeat soluta sunt repellat. Officia error corporis voluptatibus ut corrupti. Omnis autem aut placeat sit quae.','1980-10-01 07:00:32','2015-05-17 04:51:29'),(130,130,5,10,'AL','Kertzmann','348 pc',105,NULL,2,2,16.00,'Omnis aliquam adipisci sequi rerum quisquam laboriosam cupiditate. Officiis non atque ipsa. Quas sit itaque tempore.','1990-02-23 13:26:51','1991-12-07 22:23:24'),(131,131,1,1,'FL','Hand','018 jl',204,NULL,2,4,352.20,'Voluptates dolor vitae nulla a nam dolor. Hic nobis quibusdam ex est id voluptatum voluptatem. Iste quia tempore commodi voluptates dicta.','1978-04-22 06:21:07','1979-07-21 08:03:48'),(132,132,2,2,'GA','VonRueden','105 ky',48,NULL,3,3,40.48,'Nisi cumque in perferendis corporis dolor fuga et dolores. Aut aut ut officiis sint ad. Placeat aliquid nihil similique ratione nesciunt voluptas dolor fugiat.','1994-06-21 09:45:41','2007-11-13 18:07:15'),(133,133,3,3,'NH','Marks','730 nu',217,NULL,3,3,0.00,'Non quam qui quos doloribus autem dolores officia asperiores. Rerum vel alias inventore.','1980-01-29 06:28:16','2002-04-07 16:58:46'),(134,134,4,4,'NC','Bednar','780 pz',255,NULL,4,7,610.35,'Quo aut rerum est ut voluptate sunt. Doloremque qui et aspernatur sed. Perspiciatis aut esse quae. Ullam nisi dignissimos et et minima dolore quaerat.','2010-12-13 11:27:19','1972-06-07 05:56:23'),(135,135,5,5,'MO','Kemmer','065 gq',255,NULL,1,5,426.53,'Fuga ratione quod fugit omnis et amet reprehenderit. Veritatis vel provident numquam nisi recusandae molestiae. Accusantium impedit qui a rem.','1983-10-14 03:40:36','1991-01-04 10:43:25'),(136,136,1,6,'WA','Skiles','749 zq',121,NULL,3,7,4696524.00,'Culpa eum suscipit atque dolor repellendus nobis. Minima odit aliquam quia quia. Dolorem quaerat recusandae dolorum vitae doloremque deleniti. Totam expedita in nihil veniam sint molestiae.','1970-03-02 14:57:50','1975-08-09 21:00:36'),(137,137,2,7,'TN','Hahn','426 sn',66,NULL,3,6,93716267.48,'Velit facilis animi quam exercitationem hic nesciunt. Accusamus necessitatibus totam tempora enim quis ad. Ex doloremque dolorum a amet excepturi.','1989-11-03 20:44:55','1973-01-06 07:48:57'),(138,138,3,8,'UT','Yundt','017 od',42,NULL,2,2,0.00,'Omnis fugiat delectus eligendi provident. Et cumque dolorem voluptatem inventore quam. Iste harum rerum sit est voluptatem ducimus. Iusto unde distinctio quaerat est maxime et eos.','2016-07-26 16:20:26','1979-10-21 19:01:34'),(139,139,4,9,'MD','Maggio','791 oo',135,NULL,4,4,20.44,'Occaecati autem voluptas provident eaque laborum officiis consequatur. Voluptatum occaecati sed aut aliquid quis blanditiis cumque quas. Similique facilis facere nihil eos. Provident nihil odio vel nisi delectus ut.','1989-07-27 19:50:01','2009-06-02 08:07:02'),(140,140,5,10,'WA','Green','551 sj',85,NULL,1,3,2.97,'Velit reiciendis occaecati expedita iusto distinctio ad error quod. Facilis necessitatibus voluptatem omnis magni. Saepe molestias veniam consectetur eos et. Libero autem vel fugit vero.','2011-04-26 03:34:00','2019-09-13 02:56:28'),(141,141,1,1,'ID','Beer','454 mf',115,NULL,2,1,67.67,'Magni soluta qui aut perferendis. Molestiae architecto velit molestias ad ducimus. Voluptatem quisquam iusto quia exercitationem eum vel ab.','1988-04-03 17:19:43','1985-03-29 20:28:23'),(142,142,2,2,'DE','Oberbrunner','638 yi',228,NULL,2,3,70337233.31,'Eaque et quos nemo sint assumenda unde adipisci. Qui fugit qui voluptatibus voluptates fugit expedita saepe. Et fugiat consectetur cum quidem modi facere aperiam. Hic nobis ipsum et et placeat reiciendis.','1989-09-07 09:42:58','2014-07-08 00:09:42'),(143,143,3,3,'AL','Smitham','080 qy',124,NULL,4,1,4252.00,'In molestias dicta aut magni veritatis consectetur similique. Deserunt et est est ut illum ipsam unde. Aut numquam dolorum incidunt dolor.','2011-08-07 14:36:48','1981-06-21 14:52:28'),(144,144,4,4,'KY','Blick','361 tq',201,NULL,4,1,0.01,'Aperiam debitis molestias nobis quidem. Odit qui perferendis voluptatem temporibus inventore id. Dolorem nihil dolores debitis quis eos. Cum expedita fuga aut maiores facilis.','2006-02-26 04:33:20','1972-12-08 03:02:50'),(145,145,5,5,'AK','Grant','487 ll',142,NULL,3,4,828574.40,'Omnis eum voluptatibus mollitia molestias ut quaerat consequatur. Labore eos autem unde aut nisi mollitia. Aperiam qui et velit minima quis modi voluptatibus et. Mollitia ducimus voluptas harum tempora qui maxime.','1983-10-31 09:55:04','2001-04-12 23:35:53'),(146,146,1,6,'CA','McLaughlin','221 sr',255,NULL,2,8,360492177.47,'Doloribus quia quasi assumenda quia harum corrupti. Commodi eos nulla sint ut sapiente earum ut ex. Eos nemo nihil eum. Cum cum ut et consectetur consectetur quam voluptas qui.','1986-12-02 15:16:44','1987-10-27 18:06:42'),(147,147,2,7,'CT','Schaefer','682 bt',147,NULL,4,1,5.99,'Voluptatem ducimus excepturi vel non. Provident vitae ex exercitationem ea sint. Cumque sed aut nulla ut ab quidem. Aspernatur ut est quam provident dolor.','1990-09-17 06:22:39','1983-02-10 09:09:33'),(148,148,3,8,'NJ','Mills','549 tq',210,NULL,1,1,10308277.73,'Excepturi dolor et praesentium et qui molestiae eligendi. Dolorem fugiat doloribus rerum magnam aut laboriosam dolor doloremque. Eaque animi occaecati ea et aut. Aliquid explicabo omnis nemo dolorum totam.','1983-09-23 05:06:59','1998-05-18 14:10:15'),(149,149,4,9,'CO','Macejkovic','236 bk',77,NULL,2,1,0.00,'Voluptatem optio omnis possimus doloremque. Totam nam ut quasi aut voluptate suscipit. Iure vitae rerum non odio. Tenetur laudantium aut sint atque illum atque quod.','2017-05-22 03:11:30','1999-01-12 22:21:47'),(150,150,5,10,'TX','Littel','515 cn',255,NULL,2,2,39637652.00,'Sed quod ea soluta vitae perspiciatis. Totam molestiae saepe natus nisi. Laudantium ut eius qui temporibus deserunt modi laborum. Odio harum non vel in. Voluptatem eveniet ut dolorum perferendis.','1979-04-02 18:51:46','1980-09-16 13:31:49'),(151,151,1,1,'SD','McKenzie','703 ba',54,NULL,1,6,6973.29,'Aliquid voluptate neque molestiae corporis. Ea dolores suscipit dignissimos qui cumque totam. Temporibus voluptatum eos illo et laudantium amet. Inventore unde voluptate odit libero aut.','2018-11-16 00:09:19','1976-04-29 10:31:36'),(152,152,2,2,'WV','Roob','469 na',123,NULL,1,7,0.00,'Maxime delectus illo dicta provident. Aut illo delectus iure quia. Iusto sunt ea cumque qui corrupti.','1992-03-30 18:58:12','2006-01-16 16:49:04'),(153,153,3,3,'KS','Murazik','511 wg',34,NULL,3,5,2078.16,'Perferendis distinctio autem voluptates rem unde necessitatibus provident. Quam sint modi veniam voluptates deserunt minus exercitationem. Veniam vitae iusto sapiente quia eum dolores natus.','2020-05-14 01:29:50','1987-06-23 18:04:50'),(154,154,4,4,'NE','Funk','577 fg',103,NULL,3,1,0.00,'Reprehenderit consequuntur ipsa omnis ut. Aliquid mollitia illo quasi et.','2013-08-11 14:19:17','1990-07-22 06:00:06'),(155,155,5,5,'SC','Vandervort','803 bw',191,NULL,3,8,552131.40,'Deleniti nihil voluptas suscipit. Voluptatem qui quae saepe rerum et accusamus. Eum in aperiam qui commodi voluptas amet. Eos voluptatem illum voluptas similique velit. Commodi dolores est repellat aspernatur quia.','2012-07-11 12:29:02','2019-04-13 18:37:16'),(156,156,1,6,'NE','Kassulke','072 xo',229,NULL,1,6,4773.74,'Minima esse beatae consequatur similique. Nulla architecto qui deserunt beatae quasi voluptas. Ipsa accusamus vel repellat adipisci. Quam accusamus magnam quisquam magni voluptas. Et eos quis deserunt iusto veritatis cum.','1984-01-25 12:47:43','2018-03-17 18:43:32'),(157,157,2,7,'OH','Osinski','613 qj',133,NULL,4,7,144909.10,'Maiores sapiente officia sed dolor sint. Voluptatem in voluptatem voluptas ipsam sed commodi iusto sed. Aut quam sed quia qui est. Tempore sed id tenetur rerum.','1985-09-05 11:12:21','2009-10-26 10:54:01'),(158,158,3,8,'UT','Nikolaus','616 la',160,NULL,4,0,0.00,'Optio a totam omnis mollitia. Eaque ratione excepturi est. Officia est repellendus et fugit.','1995-07-16 07:32:47','2004-01-08 07:17:36'),(159,159,4,9,'TN','Jacobs','048 lm',255,NULL,1,4,30318.74,'Est pariatur cum quo at. Similique quo voluptates modi quia dolorum ex.','1977-05-09 23:57:45','2003-07-31 06:17:17'),(160,160,5,10,'GA','Bernier','757 yp',198,NULL,4,0,39.47,'Eos quisquam nesciunt ut non ut aperiam. Exercitationem sint adipisci rerum minima ipsam necessitatibus. Voluptatem maxime nemo ut sequi est ea ipsum ea.','2008-07-30 14:19:13','2021-02-07 06:46:36'),(161,161,1,1,'RI','Morar','463 xf',255,NULL,4,7,1.16,'Aut voluptates ratione aut. Sapiente iste sunt quasi. Voluptatibus sequi vel sit sequi commodi.','1973-08-23 23:58:45','1981-05-17 16:09:43'),(162,162,2,2,'SD','Cronin','435 on',241,NULL,2,5,85038.94,'Iusto reprehenderit aut unde eligendi asperiores placeat beatae culpa. Voluptatem maiores quod officiis nostrum aut porro. Quis dolorem doloribus quam quaerat ut odit voluptas. Sunt sint tenetur quae sed.','2019-05-05 11:46:02','1989-02-21 13:39:22'),(163,163,3,3,'ID','Oberbrunner','268 wj',255,NULL,1,4,328.24,'Maxime tempore praesentium veritatis accusantium perspiciatis temporibus. Consequuntur a quas omnis similique quam ut hic. Ut inventore deleniti consequuntur ratione. Nam et pariatur quia tempore ratione totam et.','2008-04-08 08:01:50','1984-06-27 04:11:44'),(164,164,4,4,'WY','Moore','695 wa',230,NULL,4,3,186391.46,'Impedit porro voluptas non sed ut magnam explicabo voluptatem. Facilis aut nam vel magnam similique culpa ab. Debitis voluptatum labore doloribus dolores dicta molestias molestiae.','1979-04-27 08:07:30','1993-11-27 03:45:23'),(165,165,5,5,'MS','Ziemann','312 bz',112,NULL,3,8,3912324.70,'Corrupti et quibusdam non est beatae incidunt. Ratione nam quisquam aut veritatis. Voluptas praesentium et sit ut recusandae assumenda et.','1987-06-21 01:05:34','2003-10-14 07:09:06'),(166,166,1,6,'AR','Stanton','171 ew',201,NULL,4,1,34.16,'Tenetur ipsam qui eos iusto deserunt. Tempore aspernatur iste iste praesentium quas. Blanditiis eveniet animi deserunt perspiciatis a suscipit doloremque.','2009-09-30 21:26:36','1975-12-17 05:02:10'),(167,167,2,7,'OR','Pagac','808 gs',42,NULL,1,3,9329.22,'Et dignissimos consequatur rerum officia. Et sunt fugiat et possimus. Sed maiores ab sint et. Voluptate fugiat labore doloribus repellendus vero et veniam.','2008-07-11 23:42:53','1996-11-08 18:29:24'),(168,168,3,8,'MO','Pfannerstill','393 zd',131,NULL,4,8,460.32,'Inventore dolores est quidem deleniti laboriosam. Praesentium reiciendis nihil facilis error. Maxime distinctio dolores itaque error debitis.','1982-05-26 21:38:21','2019-07-14 02:46:26'),(169,169,4,9,'LA','Stanton','466 nu',255,NULL,3,9,227409393.60,'Minima dolor amet necessitatibus ut ut. Esse est rerum explicabo omnis sit. Rerum et reprehenderit laboriosam officia porro totam saepe. Voluptatibus et enim recusandae aperiam nesciunt totam.','2017-04-27 21:10:13','2013-06-09 06:01:02'),(170,170,5,10,'ND','Reilly','834 jo',190,NULL,3,7,139346.81,'Qui sunt ut qui ut. Iusto ipsum est odit aut architecto. Sed ea ipsum atque nulla quo qui dolor dolores. Rem quia temporibus quas distinctio eaque veritatis aut voluptatem. Nostrum id neque occaecati consectetur sed.','1976-05-30 10:30:38','2000-01-13 20:44:26'),(171,171,1,1,'KS','Shanahan','127 nm',142,NULL,4,0,240176972.59,'Non beatae accusantium tempora qui numquam consectetur praesentium eius. Atque dolorem voluptatibus voluptatem cum dicta ipsam. Suscipit sed nam ad debitis quasi. Nam sit nisi a quo.','1970-07-11 12:20:47','1981-06-20 00:52:16'),(172,172,2,2,'HI','Veum','284 ab',193,NULL,1,8,4.25,'Ullam id necessitatibus id hic facilis recusandae quas. Suscipit et odio similique quia et adipisci. Sint optio vel est iure amet. Necessitatibus molestiae quo dolorem esse.','2019-04-09 08:36:11','1989-12-10 07:27:58'),(173,173,3,3,'TX','Greenfelder','427 de',56,NULL,3,5,293.00,'Veniam ipsam beatae dolorum. Consequatur laboriosam nesciunt sit quia ipsum rerum dicta.','2016-07-12 06:19:02','1999-11-13 21:11:39'),(174,174,4,4,'IL','Carter','054 bo',193,NULL,1,0,309689.94,'Sunt vel accusantium suscipit reiciendis hic consequatur ea veniam. Ad et voluptatum perferendis aut officiis. Aut repudiandae et expedita. Et qui omnis eveniet quaerat quas dolor.','2013-08-01 12:42:34','1977-09-14 05:32:01'),(175,175,5,5,'UT','Schultz','501 ew',255,NULL,1,5,18566.14,'Et architecto sint cumque repudiandae. Et velit aut non officiis consequatur dolorem rem. Doloremque quis voluptatem error laborum quaerat.','2017-11-24 16:53:47','2009-10-21 12:07:57'),(176,176,1,6,'OR','Brekke','223 ep',233,NULL,1,2,419.00,'Enim corrupti error et consequatur suscipit. Repellendus excepturi dolorem accusantium rem laudantium. Sed et dolores qui aliquam deleniti tempora officia. Molestiae nisi est perspiciatis dolorem nam.','2016-10-28 12:18:52','2016-03-14 23:27:18'),(177,177,2,7,'HI','Rice','266 sj',61,NULL,2,6,620561546.62,'Necessitatibus possimus expedita dolorem voluptatibus deserunt architecto. Tempora perferendis omnis qui soluta at. Adipisci iusto consequatur sit enim eius molestiae. Quisquam omnis nulla dolores mollitia.','1993-05-24 16:36:18','2015-12-05 12:15:44'),(178,178,3,8,'ME','Kub','015 kl',173,NULL,2,2,217.40,'Illo ea error molestiae sint recusandae. Minus repudiandae odit nobis quidem nobis.','1982-05-31 09:13:09','1970-12-17 14:50:48'),(179,179,4,9,'UT','Hermiston','325 zd',112,NULL,3,2,3702.20,'Voluptas tenetur nulla ab aut eligendi. Labore beatae sed maxime sed atque. Voluptas quisquam pariatur aut consequatur minus sapiente officiis.','2015-09-29 22:28:46','2008-09-10 14:06:46'),(180,180,5,10,'OH','Schroeder','218 nr',15,NULL,4,4,22477.44,'Voluptas quae minima nam error architecto qui. Ut est a fugiat. Enim hic quis animi laudantium saepe dolor. Ad unde harum recusandae eaque repudiandae blanditiis.','2010-12-16 23:40:15','2016-12-13 02:08:04'),(181,181,1,1,'FL','McDermott','081 qw',63,NULL,2,4,1458.30,'Vero fugit dolorem sunt assumenda rerum officia. Eaque animi nobis sit sunt sed. Nostrum nisi debitis tempore occaecati. Nihil consectetur consequatur exercitationem est.','1977-08-04 17:24:12','2016-04-28 13:12:54'),(182,182,2,2,'OK','Schmidt','933 dq',147,NULL,1,1,0.00,'Sed ex et autem atque. Minus sint consequatur aliquid quo aut doloremque reprehenderit. Aperiam porro rerum error rem cumque ducimus sapiente. Laborum nulla ut eveniet qui quo eos.','2017-01-24 08:11:28','1970-01-22 21:07:19'),(183,183,3,3,'OR','Bashirian','498 ax',255,NULL,1,7,31279.94,'Provident impedit numquam quis eius neque. Voluptates a sit quaerat nemo non doloremque. Delectus nihil ducimus ut ipsa eaque officiis unde. Illo sed non dolor earum provident iusto.','2013-01-10 10:51:15','1982-07-21 05:47:33'),(184,184,4,4,'CA','Wisozk','134 xu',5,NULL,4,5,44537483.76,'Qui provident repudiandae cumque. Officia voluptate illo ut officiis modi. Amet aut labore nobis accusamus. Quos fugit voluptatem iure omnis omnis modi. Quam voluptatum aspernatur tempora ratione rem.','2016-10-30 15:48:22','1994-08-03 00:47:55'),(185,185,5,5,'KS','O\'Hara','538 gw',46,NULL,3,0,7991355.53,'Beatae sunt aut qui ut ut nostrum sunt. Laboriosam qui molestias aut. Eum autem nostrum repellat atque qui inventore qui. Minus aut vitae quaerat ex qui corrupti quis.','1977-06-30 23:58:12','1996-05-11 16:11:23'),(186,186,1,6,'MD','Keeling','329 zb',255,NULL,4,3,0.00,'Consequatur nesciunt earum omnis nostrum sunt explicabo quas. Repellat distinctio voluptas dolorem reprehenderit nam non. Culpa fuga sit dolorem et.','1983-03-11 07:56:10','1978-05-06 04:27:06'),(187,187,2,7,'SD','Wintheiser','571 oc',219,NULL,2,1,2367227.44,'Dolor voluptates eos asperiores dolor in accusantium illo officiis. Autem omnis vitae quas et magni nulla labore. Vel quaerat reprehenderit odio repellat qui quo quisquam veritatis. Rerum dolor aliquam maiores voluptatem.','2020-05-15 02:44:52','2014-04-06 00:58:44'),(188,188,3,8,'NE','Cormier','466 ad',196,NULL,3,6,347.75,'Quidem necessitatibus unde est maxime molestiae. Optio est eos quam consequatur non odio aliquam. Rerum non qui veniam aut iste quis earum.','2001-07-09 17:39:14','2002-10-11 19:50:37'),(189,189,4,9,'IN','Spinka','407 bj',255,NULL,1,4,13027284.51,'Doloribus nihil quas quisquam in quam velit quos. Recusandae amet dolorem labore facilis.','1975-08-29 19:25:40','1981-09-25 05:53:43'),(190,190,5,10,'KS','Homenick','364 vi',255,NULL,1,0,4.70,'Eligendi neque alias natus. Rerum doloribus nisi sunt provident dolor qui ut. Similique adipisci voluptas aut qui.','2016-04-20 12:58:21','1980-04-25 13:14:42'),(191,191,1,1,'OH','Mann','573 ak',255,NULL,2,6,817754110.98,'Sed id aspernatur velit animi officiis laudantium nesciunt. Corrupti magnam vero dolor aspernatur aliquam consequatur.','2016-11-07 00:37:44','2012-09-10 12:46:49'),(192,192,2,2,'TN','Emard','838 kz',255,NULL,3,1,4.28,'Sunt iusto optio officiis nobis iste quia earum. Esse sit et porro reiciendis culpa assumenda. Eum iure nobis quis quia beatae.','1971-02-18 05:52:34','1978-07-25 14:58:17'),(193,193,3,3,'KS','Gaylord','723 ey',85,NULL,1,3,0.00,'Excepturi ipsam facere adipisci provident. Placeat perspiciatis adipisci cupiditate facilis.','1979-02-18 09:59:16','1989-07-07 12:31:05'),(194,194,4,4,'SD','Kshlerin','575 hg',255,NULL,3,3,3790.54,'Aut modi laudantium ipsa autem ad. Cupiditate sit accusamus totam nobis. Sint ipsa omnis molestiae doloremque. Aut quas omnis saepe delectus. Sit natus incidunt quod iusto.','2005-03-01 13:36:43','2002-03-10 07:07:38'),(195,195,5,5,'GA','Wolff','659 oz',148,NULL,1,8,0.00,'In esse dicta dolores et. Qui commodi esse cumque cumque ut eos numquam. Expedita praesentium vitae tempora ipsum assumenda qui quos.','2001-06-14 13:13:25','1971-06-08 22:43:30'),(196,196,1,6,'AR','Brakus','886 ur',204,NULL,3,2,5.31,'Qui vero optio repudiandae velit nobis dolore est. Asperiores aut id reprehenderit suscipit.','2012-11-21 03:18:14','1985-11-07 08:35:30'),(197,197,2,7,'MO','Runolfsson','268 go',9,NULL,1,3,122373429.54,'Eveniet autem voluptatem molestiae qui molestiae consequatur. Dolores eligendi nemo ut in sed ut ut. Magnam facere dolores voluptas modi expedita.','2015-10-07 08:40:44','1973-06-18 13:16:51'),(198,198,3,8,'NM','Davis','247 vz',255,NULL,1,9,0.00,'Veritatis sit nulla accusantium modi sed vel fugit. Incidunt in magnam nobis perspiciatis quo tenetur. Explicabo consectetur possimus sit quia. Debitis unde et dolorem et excepturi doloribus.','1988-03-17 20:47:30','2016-03-24 03:09:30'),(199,199,4,9,'NC','Homenick','092 cq',197,NULL,4,1,100060.10,'At perferendis dolorum ipsam necessitatibus est omnis. Molestiae rerum quibusdam vero qui perspiciatis rerum repellendus. Nesciunt ut beatae minima possimus. Modi aspernatur cum laudantium.','2014-10-11 11:03:52','1993-01-20 20:31:19'),(200,200,5,10,'CT','Sporer','249 ya',255,NULL,1,7,56122.91,'Ut numquam qui sunt. Doloremque impedit reprehenderit repellat officiis doloremque eligendi.','2019-02-21 06:58:14','2019-01-30 09:44:47'),(201,201,1,1,'AL','Renner','452 vb',255,NULL,3,2,0.00,'Quisquam tempora eveniet maiores eius. Sed aliquam qui adipisci non. Culpa corporis laudantium quisquam laboriosam odit illo commodi et.','2020-11-07 20:23:41','2009-03-19 10:32:01'),(202,202,2,2,'GA','Schimmel','180 ky',136,NULL,1,9,2344582.34,'Hic quam ducimus quidem non maiores deleniti. Voluptatibus expedita aliquid eveniet. Veritatis accusamus non quam eius. Ducimus quae laboriosam repellendus ducimus dolores architecto.','1970-08-01 02:39:56','1978-05-22 12:07:00'),(203,203,3,3,'MT','Gulgowski','394 bs',60,NULL,2,8,4480209.98,'Eum non animi cumque et ut pariatur. Sunt id rerum occaecati ea assumenda deserunt. Molestiae assumenda voluptas debitis veritatis voluptatem. Quibusdam libero fugit ut atque eum.','1991-02-14 08:04:37','2007-06-24 09:36:20'),(204,204,4,4,'FL','Wintheiser','441 sr',255,NULL,3,2,1.19,'Quasi officia qui voluptas aut iusto maxime culpa. Aut assumenda quibusdam pariatur dolor.','2013-09-16 04:40:16','1997-07-16 09:53:14'),(205,205,5,5,'OH','Hamill','173 ms',123,NULL,3,8,162401.28,'In velit delectus eligendi quia. Quae modi quia reiciendis cumque et magnam laudantium ea.','1984-03-21 23:27:21','1988-01-28 07:44:54'),(206,206,1,6,'WY','Stoltenberg','976 oh',255,NULL,4,6,36067.95,'Distinctio et quisquam nulla animi dignissimos dolorem. Incidunt quis assumenda doloremque voluptatem aut id. Voluptatem quo debitis aut quaerat incidunt soluta.','1973-05-13 11:25:45','2003-07-08 04:48:36'),(207,207,2,7,'TN','Hilpert','971 hd',165,NULL,3,4,450423.00,'Ea esse quo illum omnis pariatur sint sint ex. Sit ullam molestiae vitae perferendis. Ut ipsam quas et quam.','1986-06-12 05:35:04','1971-12-16 03:44:11'),(208,208,3,8,'MD','Kreiger','234 mu',208,NULL,4,6,4.44,'Possimus qui nemo perspiciatis. Cupiditate vero non voluptas est quis distinctio voluptatibus. Reiciendis dolor perspiciatis omnis suscipit ipsa.','1989-03-01 10:36:54','2014-06-03 10:09:22'),(209,209,4,9,'WI','McClure','810 mb',83,NULL,1,0,96971.50,'Laboriosam totam delectus quasi officiis modi id. Animi accusamus voluptas voluptatem ea voluptatum nemo. Quasi aspernatur et et excepturi ut. Dolorem id qui delectus.','2017-07-24 18:18:52','1998-05-13 22:34:26'),(210,210,5,10,'IL','Olson','073 gm',255,NULL,2,1,4580923.09,'Nisi aspernatur quod ipsa harum pariatur tempora quae quae. Vel adipisci ut deserunt.','1987-09-16 23:13:42','2020-04-22 11:45:41'),(211,211,1,1,'SD','McLaughlin','503 bi',169,NULL,4,5,70426.07,'Voluptatem unde quidem facilis qui. Autem blanditiis et ea beatae et. Aut recusandae modi libero quia nihil. Velit porro dignissimos expedita qui ut.','1983-11-29 04:13:18','1978-12-29 19:25:29'),(212,212,2,2,'MT','Kovacek','696 nx',3,NULL,1,2,5166.02,'Quam culpa deserunt sequi dignissimos nesciunt aliquam ea. Tempore aut quis tempora ipsum minima. Consequatur magni commodi iusto harum suscipit consequatur et.','2020-02-17 15:14:55','1976-01-02 15:03:33'),(213,213,3,3,'NM','Witting','157 sy',50,NULL,3,6,33.36,'In itaque labore quos itaque nesciunt consequatur qui. Eveniet et praesentium voluptas et. Rerum ullam quasi consequatur eligendi qui voluptates. Repellat perspiciatis recusandae et porro nesciunt sunt qui.','1977-12-26 11:55:02','2009-01-09 22:10:20'),(214,214,4,4,'KY','Fahey','227 fo',255,NULL,1,3,3.01,'Molestiae velit quos cumque ducimus beatae aut a. Aut nam repellendus corrupti quidem. Dolor voluptate soluta sit aut aliquam tempora. Dolorum sit blanditiis illum sed dolores.','1994-03-02 08:46:09','1974-12-09 02:01:57'),(215,215,5,5,'VT','Pfeffer','371 mm',255,NULL,3,0,177.59,'Eum porro rem iusto in. Aut earum consequatur minus omnis ducimus. Ut nihil necessitatibus velit earum eum iusto.','1989-06-28 22:27:58','1984-10-03 04:25:21'),(216,216,1,6,'AR','Goyette','339 dm',255,NULL,2,3,27585.12,'Reiciendis consectetur amet nemo. Voluptatum nesciunt quam in voluptatibus aliquid qui. Doloremque molestias est aperiam non eos.','1970-11-14 17:09:45','1993-07-24 20:00:02'),(217,217,2,7,'AR','Stehr','973 jv',255,NULL,4,5,0.00,'Consequatur consequatur iusto est ea eius. Recusandae consequatur impedit dolores deleniti et fugiat. Et sequi aliquid dolorem.','1992-05-15 12:47:49','1976-04-04 02:01:14'),(218,218,3,8,'OR','Torp','560 jf',238,NULL,3,9,7147.28,'Sed sint eos aut dignissimos. Non culpa tenetur laudantium esse provident sunt ut. Praesentium vel odit doloremque consectetur optio repellat. Ut officiis tempora quae amet sit quibusdam voluptate.','2016-11-11 22:59:23','1989-12-24 22:22:31'),(219,219,4,9,'MD','Romaguera','316 tn',143,NULL,3,4,199.44,'Et ipsum non reiciendis esse corrupti ut. Iusto quas qui aut aut excepturi quam voluptate. Laudantium doloribus doloremque ab omnis quia. Itaque necessitatibus eum dolores ea et.','2010-12-20 16:11:28','2001-02-25 17:55:37'),(220,220,5,10,'ME','Wisozk','585 zv',174,NULL,4,7,491511.35,'Culpa architecto rerum aliquid velit adipisci et earum. Nemo eveniet officia qui explicabo sunt hic consequuntur.','2004-12-12 15:14:21','2015-05-24 08:08:48'),(221,221,1,1,'GA','Reichert','570 ya',13,NULL,3,3,1121749.94,'Et quia est pariatur cumque dolores provident alias sit. Possimus rerum quia consequatur recusandae est. Corporis perspiciatis harum corporis ab sunt quasi. Cum totam excepturi vel aliquid dolorum sit architecto.','2018-03-21 09:13:50','1980-06-13 13:22:27'),(222,222,2,2,'NC','Gottlieb','988 tg',255,NULL,1,2,4456.37,'Qui enim doloribus libero est vitae. Ut sed consequatur maiores error sequi. Quia velit aut id deserunt non.','1971-10-17 22:52:59','2009-01-20 10:37:04'),(223,223,3,3,'OK','Sanford','165 di',108,NULL,4,2,58851.17,'Sunt autem harum est temporibus ipsam. Aut impedit dolorem omnis voluptas id. Vero qui at aut dolorem at aspernatur.','2021-05-07 08:24:23','1982-02-07 15:39:00'),(224,224,4,4,'CT','Ankunding','979 vs',53,NULL,4,9,10.50,'Soluta magnam unde veniam quae. Architecto repudiandae explicabo vel id reiciendis voluptas natus.','1979-06-17 02:53:40','2005-09-18 06:22:24'),(225,225,5,5,'CT','Braun','658 yl',200,NULL,3,1,16405094.47,'Ipsa voluptatem nam neque dolor sit aliquid. Dolore perspiciatis rerum adipisci aut possimus est libero nihil.','2016-12-19 20:16:09','1972-07-30 09:51:23'),(226,226,1,6,'AK','Ankunding','917 om',64,NULL,4,3,1117208.46,'Voluptates et sit et vel illum enim. Libero ullam accusamus minus aut quia. Fugiat quisquam officiis asperiores quam impedit rerum.','1998-07-24 23:43:42','1979-10-26 07:09:26'),(227,227,2,7,'NV','O\'Connell','073 uc',176,NULL,2,2,1.74,'Quas delectus sed libero sint. Dolorem blanditiis explicabo recusandae mollitia. Et voluptates perspiciatis quam cupiditate et nesciunt.','2001-03-05 03:29:10','2020-07-30 03:59:38'),(228,228,3,8,'ME','Smith','707 yl',255,NULL,4,3,2025208.23,'Quos quo quis est. Facere commodi numquam et temporibus consequatur vitae mollitia.','2009-10-30 22:14:34','1997-08-03 09:13:00'),(229,229,4,9,'DC','Morar','410 fk',255,NULL,1,0,4.20,'Inventore tempore quod natus ad. Qui pariatur ratione iure. Voluptates quo corporis qui voluptas quia ducimus. Illo est sed expedita natus soluta. Quisquam voluptatibus at porro tempora.','2002-06-15 05:41:19','2007-02-06 16:34:15'),(230,230,5,10,'WV','Kilback','139 dh',24,NULL,3,7,63670701.70,'Quia aperiam ut suscipit enim tempore tenetur excepturi. Est quos nobis inventore deleniti quasi maiores. Aspernatur et dolor architecto at inventore et qui. Nisi et debitis inventore enim nihil est eos.','1986-05-11 10:26:49','1996-05-28 07:06:10'),(231,231,1,1,'OH','Krajcik','795 bj',255,NULL,3,2,2.69,'Ullam quisquam animi nobis iure aut quisquam. Eos exercitationem culpa odit explicabo in minima ad. Culpa ad cumque quibusdam ad nihil alias. Quam assumenda architecto sed dolorem ex.','1992-01-22 13:37:16','1989-06-09 13:53:37'),(232,232,2,2,'MO','Murazik','955 nm',31,NULL,2,9,166.55,'Non nesciunt nulla laboriosam consequatur id. Officiis voluptatem deserunt molestiae officia ducimus quis ut. Ut exercitationem in omnis mollitia veritatis eaque. Quos autem accusantium in sit eum.','1991-05-07 01:33:48','1972-05-01 22:41:53'),(233,233,3,3,'FL','Kris','966 ud',234,NULL,1,7,223024063.69,'Mollitia nesciunt reiciendis rerum voluptatem expedita est aspernatur quisquam. Rem illo deserunt et ea enim officiis quia. Labore natus dolor adipisci iure ut excepturi nesciunt.','1972-03-21 20:00:25','1988-10-08 20:56:35'),(234,234,4,4,'AL','Kshlerin','862 xw',255,NULL,2,7,10069395.98,'Ut totam cum praesentium vitae porro suscipit. Itaque sapiente ut libero accusamus et officia nesciunt optio. Reprehenderit sit possimus tempora qui at. Architecto sed cumque reiciendis officia quae ipsam tenetur. Non ea eos excepturi dignissimos.','2010-07-17 08:44:00','1976-05-19 21:32:28'),(235,235,5,5,'IL','Gutkowski','774 td',71,NULL,3,4,329.29,'Minima odit in excepturi expedita ipsam. Quia laudantium illum eligendi magni voluptatem aut. Commodi dolor vel provident libero dolore voluptas.','2015-02-08 16:53:54','2005-08-19 23:00:39'),(236,236,1,6,'KY','Turcotte','090 el',111,NULL,1,6,0.00,'Nihil eius est velit rerum. Tenetur eligendi id cum eum nisi. Pariatur deleniti est quo harum dolorum tempore adipisci.','2018-07-13 04:53:38','2010-05-19 05:51:05'),(237,237,2,7,'MI','Jenkins','971 hf',167,NULL,1,3,3065602.98,'Quod est aut mollitia. Minima dolorem ducimus exercitationem totam provident voluptatem. Doloribus illum non voluptatem ea ut enim.','1974-05-09 22:01:53','2010-08-14 14:03:55'),(238,238,3,8,'CT','Rowe','739 pv',74,NULL,1,7,95468.97,'Officiis occaecati et assumenda. Et ut non et ipsa molestiae pariatur doloremque. Ut quia commodi voluptatum laboriosam.','2002-05-29 17:02:51','2013-07-06 14:38:15'),(239,239,4,9,'FL','Satterfield','146 mg',25,NULL,3,2,8041084.80,'Aut deleniti esse aliquid fuga velit minima. Ea itaque excepturi vitae recusandae molestias reprehenderit. Sint aperiam ut qui modi.','2010-12-14 06:23:10','1983-05-20 00:20:14'),(240,240,5,10,'CA','Welch','473 tw',218,NULL,2,7,22416118.30,'Porro mollitia nihil placeat fuga. Deserunt molestiae odio minima autem eius. Non nulla ad deleniti temporibus.','1982-09-09 08:25:32','1991-06-23 18:20:07'),(241,241,1,1,'ND','Blanda','244 gk',24,NULL,3,1,0.00,'Temporibus ipsa ea sint fuga id. Explicabo non voluptatibus molestias occaecati. Autem qui voluptatum similique voluptatibus est.','2010-03-17 06:45:14','2011-10-16 00:24:23'),(242,242,2,2,'TN','Daniel','808 xk',53,NULL,1,2,5.10,'Et libero officiis omnis vitae odio et. Et in et fuga consequatur maxime deleniti illo velit. Optio et sunt porro voluptatem.','1987-08-07 02:48:01','2015-02-20 14:38:39'),(243,243,3,3,'OH','Jenkins','773 pv',255,NULL,3,0,0.00,'Architecto voluptatibus ut dolor nostrum modi quo hic. Adipisci aperiam earum fugiat atque. Tenetur deleniti soluta et enim aut quo temporibus. Incidunt ut soluta voluptatibus aperiam.','2012-09-15 20:15:16','1993-10-08 10:04:06'),(244,244,4,4,'NH','Zulauf','958 av',255,NULL,4,0,0.91,'In itaque eum dolor beatae molestiae. Voluptatem nisi quibusdam id doloribus. Eos delectus ea magni et harum. Vitae sed in ut omnis ab aut.','2004-01-20 00:05:40','2004-04-22 05:54:49'),(245,245,5,5,'SC','Torp','056 um',255,NULL,4,1,2.39,'Omnis enim tenetur suscipit hic libero quia ut. Qui nobis maxime et consequuntur nulla.','2010-12-29 04:55:21','2009-03-21 22:19:39'),(246,246,1,6,'NM','Hand','176 lk',255,NULL,4,8,209.76,'Omnis deleniti ipsa qui itaque nemo. Amet sit aut voluptatem dicta. Alias et perspiciatis iure officiis. Molestiae sapiente atque quidem voluptatem doloribus porro autem quis.','2010-05-15 14:22:48','1992-08-12 21:33:37'),(247,247,2,7,'MN','Dickens','162 lm',129,NULL,2,7,8.45,'Molestiae in similique voluptatem magni in. Odit aspernatur cum deleniti.','1989-07-28 14:36:54','2004-09-13 11:35:20'),(248,248,3,8,'MS','Effertz','622 gn',18,NULL,2,7,1604.40,'A qui et nisi aut esse. Autem adipisci et asperiores iste dolorem quia eius. Quisquam officia repellat nihil tempora aliquam explicabo magni.','1990-03-26 20:54:39','1973-09-10 06:49:48'),(249,249,4,9,'FL','Rice','650 rx',55,NULL,1,4,26051149.82,'Reprehenderit provident fugit incidunt quaerat molestiae labore non nisi. Voluptatem quam a dolorum voluptates consectetur laborum nemo. Est omnis voluptatem quas cumque. Dolore nisi nobis cumque ipsa et voluptatem.','1986-08-01 17:13:07','2017-10-11 07:02:46'),(250,250,5,10,'MD','Fadel','640 ah',240,NULL,1,5,1.36,'Quo sit minima non. Porro nihil quaerat assumenda omnis velit et.','2000-01-28 09:07:03','2004-04-11 14:42:20'),(251,251,1,1,'ID','Pfannerstill','712 wr',205,NULL,3,3,10.83,'Doloremque non aut magnam placeat aut. Quae non sit iusto minima esse omnis. Quia consequatur nesciunt nihil id et. Est accusantium eaque omnis dolorem accusantium. Temporibus necessitatibus fuga nam.','2021-05-24 23:32:34','1982-05-01 22:45:51'),(252,252,2,2,'IN','Bahringer','603 fe',255,NULL,4,6,410.00,'Consectetur accusantium occaecati accusamus et. Earum qui doloremque explicabo ut. Quos quas mollitia numquam rerum.','1990-07-25 15:07:42','2018-11-01 12:32:40'),(253,253,3,3,'MA','McDermott','360 dk',255,NULL,4,6,18.83,'Aut vel velit placeat accusantium necessitatibus totam. Sed iusto cum voluptatem at voluptates. Harum corporis et consequuntur nam quod est.','2019-10-24 18:34:40','2007-05-22 07:41:25'),(254,254,4,4,'AL','Swaniawski','963 mp',151,NULL,3,4,629.54,'Molestias et aut fugit doloremque. Qui fugit alias ut recusandae amet debitis voluptatem labore. Modi est delectus magnam totam ad.','1979-05-30 14:40:10','1999-07-02 08:10:31'),(255,255,5,5,'ND','Stroman','016 yp',83,NULL,1,5,0.00,'Voluptate beatae qui in quaerat excepturi. Iure qui et dolorem est esse similique iusto. Mollitia natus nobis id adipisci. Quia doloremque neque mollitia.','2007-02-17 17:20:32','1979-12-10 01:46:47'),(256,256,1,6,'ID','Schmidt','802 ya',255,NULL,2,7,10.31,'Et porro autem molestiae ut. Eos temporibus quasi magnam est voluptas ea. Architecto eos autem voluptatem ipsum.','2005-02-01 08:53:07','1970-07-25 20:13:53'),(257,257,2,7,'NC','Harber','246 ng',53,NULL,4,1,2.35,'Qui qui quisquam culpa. Alias laboriosam aut nostrum eveniet excepturi alias. Est vero est veritatis temporibus sapiente. Cumque sed voluptatem ut deleniti ipsum nihil.','1986-07-15 09:27:22','2016-08-26 15:52:27'),(258,258,3,8,'LA','Heathcote','004 jk',255,NULL,3,1,31375.50,'Vel non eius suscipit est aperiam molestiae nemo laborum. Modi mollitia occaecati quisquam quod. Officia quo libero debitis quaerat voluptatum quia. Minus accusantium a libero facere eum deleniti necessitatibus reprehenderit.','1977-06-30 09:39:30','1984-05-09 22:01:13'),(259,259,4,9,'MS','Ruecker','648 ex',149,NULL,1,3,7.92,'Qui dignissimos dolorem sunt. Dignissimos nihil dolorum suscipit amet. Dolorum veritatis adipisci voluptates quibusdam voluptatem quisquam eum ipsa. Commodi autem id nihil modi enim rerum ea.','1983-03-27 22:14:21','2014-11-05 15:46:24'),(260,260,5,10,'OR','Rutherford','591 kc',255,NULL,2,6,47011.90,'Reprehenderit et in temporibus beatae alias porro. Optio est ut est ut vitae porro necessitatibus. Iusto omnis neque quo est minima est qui quo. Qui aperiam quia commodi inventore molestiae.','1978-04-14 06:22:05','2000-01-09 09:08:16'),(261,261,1,1,'DC','Johnson','416 pd',255,NULL,1,4,6340.50,'Debitis in nam ab minus. Amet amet consequatur quibusdam sint. Aspernatur sint eum ea tempore iure.','2018-10-26 15:48:38','2008-07-23 02:13:04'),(262,262,2,2,'VA','Torp','875 yg',193,NULL,1,7,0.97,'Omnis quae praesentium laborum. Delectus sunt aut rerum sit porro. In consequatur sint qui eos sit est ipsa non. Placeat officiis facilis qui nulla consequatur quibusdam harum.','1974-07-03 19:38:54','2018-08-23 00:42:38'),(263,263,3,3,'IA','Hauck','895 hu',119,NULL,4,7,219355.27,'Sed eos corporis aliquam occaecati. Nesciunt fugiat ducimus officia perferendis. Ad adipisci necessitatibus qui dolor ipsa. Voluptatem numquam hic vel voluptates autem aperiam.','2009-03-02 00:15:39','2013-12-05 09:12:52'),(264,264,4,4,'TX','Keeling','197 dk',255,NULL,1,0,77.94,'Ut cupiditate cumque dolor aut culpa aut rerum. Doloribus aut et sit aspernatur ea sint eos.','1985-11-25 14:31:08','1983-11-15 05:52:37'),(265,265,5,5,'CT','Wuckert','858 tc',127,NULL,3,8,78859690.67,'Eius ducimus non voluptates unde alias voluptas. Itaque ut itaque molestias architecto amet numquam. Aut labore dicta itaque est aut aspernatur corporis et. Incidunt repellendus officia qui est sunt quo. Illum asperiores quae necessitatibus vero tempore animi consequatur.','1994-03-27 18:32:05','1984-12-07 19:44:37'),(266,266,1,6,'VT','Daniel','279 pg',54,NULL,2,0,48712.50,'Et non perferendis unde vero. Architecto deleniti quia ut possimus ea nihil totam. Necessitatibus voluptas repudiandae sunt qui illo itaque et.','1979-09-23 06:48:24','1986-01-04 21:19:55'),(267,267,2,7,'IL','Graham','013 vo',185,NULL,3,2,129.11,'Itaque aut non occaecati ut dolorem consequatur. Non omnis at qui quo quia in quas. Recusandae ut provident at ipsum.','2014-02-13 14:13:34','2005-11-20 02:13:05'),(268,268,3,8,'OK','Corkery','191 up',255,NULL,4,8,22079.72,'Atque sed sunt hic. Quo voluptatibus voluptas exercitationem facilis. Architecto reprehenderit ea fuga.','1991-10-25 05:35:47','1979-11-02 10:10:57'),(269,269,4,9,'NV','Harris','379 or',208,NULL,4,7,90636933.00,'Est earum incidunt quis consequatur ipsam dicta. Velit cupiditate ut deleniti asperiores inventore. Ipsum voluptas odit velit dicta nisi numquam sint.','2015-06-12 20:42:45','1992-01-28 12:49:30'),(270,270,5,10,'KY','Wiza','743 pu',14,NULL,2,8,11.13,'Rerum doloribus et et aut et. Dolorum voluptatem id quis eum in. Deleniti ipsum corporis quam quo est. Deleniti ut deserunt corporis voluptas.','2002-04-19 16:36:33','1997-11-01 22:03:53'),(271,271,1,1,'DE','Morissette','173 ps',100,NULL,2,0,0.00,'Possimus laboriosam reprehenderit magnam non ipsum sed. Deserunt neque beatae accusantium. Est eveniet sequi qui dolorem reiciendis officia sit. Deleniti aspernatur magni sint.','2013-04-11 11:23:28','1989-12-16 14:56:15'),(272,272,2,2,'TN','Predovic','380 qe',60,NULL,1,3,29851691.00,'Quis commodi voluptatem nesciunt non minima. Modi sed omnis harum sequi cupiditate. Omnis esse et quibusdam excepturi cupiditate error eius. Autem harum debitis quo quas. Veritatis non et in aut ea.','1980-05-08 01:26:20','1978-01-01 04:07:31'),(273,273,3,3,'WY','Lockman','862 ie',54,NULL,2,6,13714554.04,'Atque consequatur quo ut voluptas et. Provident omnis quis suscipit. Alias quo molestiae commodi quia suscipit rem aspernatur. Eum dolor aliquid non porro voluptas.','1987-06-05 04:39:30','1974-06-12 15:51:01'),(274,274,4,4,'AL','Morar','902 ik',255,NULL,1,2,110.96,'Totam quibusdam corrupti qui quam. Qui eius voluptatem ad similique et aut. Quisquam mollitia minus recusandae quia provident quia sed eum. Ullam et voluptatem illum nemo porro repellendus.','2011-09-01 11:22:33','2012-02-14 17:35:52'),(275,275,5,5,'GA','Marquardt','034 rw',55,NULL,2,6,5.23,'Non rerum sit rerum quo. Et autem delectus aliquid cumque id voluptatem rem. Ex id ducimus dolores quibusdam iusto odit quis asperiores.','1985-07-30 05:39:15','1990-01-10 22:38:02'),(276,276,1,6,'OR','Skiles','088 th',33,NULL,4,7,0.00,'Ut architecto voluptatem perspiciatis voluptas voluptatibus ex. Corporis delectus nemo hic rerum cumque. Aut architecto cum et neque et error.','1992-01-25 21:48:59','2012-07-27 16:18:51'),(277,277,2,7,'MO','Quitzon','817 hg',73,NULL,1,6,640055.00,'Vero dolorum cumque aliquid nihil voluptas quisquam. Perferendis consectetur ut magnam aut sequi illo.','2013-02-28 21:27:37','2015-03-24 06:21:01'),(278,278,3,8,'MA','Balistreri','449 bj',86,NULL,1,4,502345.16,'Asperiores dolorem reprehenderit laboriosam consequatur totam pariatur odio. Eius deserunt soluta autem sunt tempora. Consequatur et debitis quos ducimus aut iusto. Sequi autem error eaque tempore nostrum rerum totam qui.','2018-06-06 21:41:07','1989-01-03 22:49:01'),(279,279,4,9,'IN','Labadie','162 ol',60,NULL,3,7,84587.90,'In mollitia vel aut. Possimus aut ut molestias facere totam. Rem maxime beatae molestiae sapiente voluptatibus quis qui. Temporibus porro maxime sit dolor. Ipsum quibusdam alias autem rerum.','1971-11-08 07:58:24','2019-10-29 22:17:43'),(280,280,5,10,'NY','Watsica','811 zt',124,NULL,3,9,0.00,'Velit perspiciatis est laudantium sed ab sed. Ut aperiam et qui vitae voluptatum quis ipsum. Tempore et porro eum nemo totam voluptas.','1991-08-19 21:14:46','2017-11-07 18:57:35'),(281,281,1,1,'WY','Rutherford','178 mi',184,NULL,3,1,455675.03,'Aliquam saepe ab at expedita. Omnis impedit ducimus dolores ea sequi nobis. Nemo libero harum in libero voluptatem repudiandae ut sed.','1986-09-22 08:03:00','1972-10-23 23:46:55'),(282,282,2,2,'OK','Nikolaus','702 yt',23,NULL,3,3,0.00,'Est sit amet vero sit. Officia et aliquam aliquid laudantium quis repudiandae. Ea soluta assumenda alias recusandae voluptas. Omnis rerum rem tenetur.','2003-04-14 07:22:48','1994-04-25 05:12:58'),(283,283,3,3,'VA','Mann','945 nm',255,NULL,4,6,9.36,'Cumque asperiores enim possimus cupiditate dolores totam molestiae. Et eum aut qui. Aspernatur quam fugit voluptatum molestiae iure ipsam sit voluptatum. Voluptates esse ut ut quibusdam.','1993-03-13 12:24:44','2014-04-23 09:55:45'),(284,284,4,4,'MA','Turcotte','689 og',255,NULL,4,2,0.85,'Minima aut culpa iste consequatur. Sit laborum in magnam. Et fugit optio qui perferendis in accusamus provident.','1990-03-24 07:19:52','1987-05-13 10:07:28'),(285,285,5,5,'NH','Hoppe','410 pj',252,NULL,3,5,570.91,'Libero ipsum voluptas accusamus neque amet qui velit. Vitae quo reprehenderit perferendis illum quis est. Debitis aliquid vitae minima non consequatur ut culpa aut.','2011-03-12 01:56:25','2013-08-27 05:32:57'),(286,286,1,6,'WY','Conn','731 yk',191,NULL,4,2,10221.99,'Cum ipsa tempore et animi. Molestiae itaque porro vel fugiat dolor. Vel quos assumenda ipsam voluptatem perspiciatis eligendi voluptatem.','2006-12-03 15:03:23','1992-04-30 12:23:27'),(287,287,2,7,'RI','Stehr','447 pw',75,NULL,2,6,353.58,'Voluptatibus sed quaerat ipsa dolorem itaque. Voluptatem repellendus earum officiis sit soluta aut unde. Ea sint aut nemo et beatae aspernatur.','1998-12-24 15:03:46','1989-11-09 01:30:54'),(288,288,3,8,'NJ','Mohr','538 zw',167,NULL,1,2,1582.88,'Quia sapiente nisi quod. Laborum enim ea qui cumque. Similique qui vel impedit ea et quaerat.','1984-03-26 22:02:32','1970-06-14 10:20:37'),(289,289,4,9,'OK','Hand','395 cx',9,NULL,1,3,13.97,'Repudiandae dolorum vitae rerum. Et sint vero quia. Est veniam mollitia ut.','2012-08-27 03:00:43','2011-10-17 18:09:26'),(290,290,5,10,'AR','Feest','086 dx',108,NULL,4,8,8.70,'Eos vel ut dolor saepe. Perferendis voluptas laboriosam eos et molestiae saepe eligendi. Laborum explicabo sed eos aspernatur tempore sit voluptate. Aut vel voluptas at. Debitis rerum in dolor et dignissimos maiores non.','2018-07-03 15:37:11','2000-12-08 06:31:27'),(291,291,1,1,'GA','Johnston','451 zn',109,NULL,4,1,0.00,'Doloremque inventore delectus in iusto odit quod excepturi qui. Velit quia voluptate voluptates adipisci placeat harum. Sint sunt eos nobis.','1997-06-17 00:43:02','2011-12-19 21:48:21'),(292,292,2,2,'MD','Metz','772 wl',65,NULL,2,1,3360680.71,'Repellendus autem et harum ratione laborum ea iure qui. Beatae quia ut illum est veniam. Molestiae libero eius eius eligendi aspernatur rerum voluptatem.','2004-10-03 10:19:30','1996-01-03 19:47:22'),(293,293,3,3,'WV','Stroman','396 mx',104,NULL,1,0,1.19,'Eum necessitatibus omnis voluptas quis qui ut. Aliquam non ducimus ut nostrum sequi eos. Doloribus laboriosam voluptatum delectus animi. Placeat id cum aperiam omnis.','2007-06-04 03:14:07','2010-03-13 16:44:35'),(294,294,4,4,'SC','Marks','555 ob',107,NULL,3,4,63988027.41,'Repellat unde ipsam provident veniam similique modi. Laborum corporis repudiandae veniam sed dolore nostrum ad omnis. Odit id suscipit ut molestias quo deserunt enim. Libero odio similique aut repudiandae illo atque deserunt.','2010-07-06 19:02:23','2001-11-18 07:04:06'),(295,295,5,5,'RI','Stroman','546 tb',232,NULL,2,0,23.22,'Quia non sunt qui aliquam est accusamus. Ipsum numquam qui accusantium et quia quos non. Fugiat eveniet non omnis explicabo nobis sint eius. Nisi impedit voluptates rerum aut earum.','1981-11-20 09:06:26','1970-05-21 21:00:31'),(296,296,1,6,'MD','Fadel','605 cr',2,NULL,2,3,2159.85,'Voluptatem et ea voluptatum et occaecati saepe eligendi. Vero nulla et consequuntur et omnis. Ipsa error et rerum blanditiis culpa quod. Aspernatur eligendi alias non non.','2013-06-24 23:47:40','1979-12-09 00:29:36'),(297,297,2,7,'VA','Marks','425 hj',162,NULL,3,6,1992.00,'Quisquam est vel id. Minus placeat eos excepturi fugit dolorem commodi et. Cumque deserunt molestiae nihil a quas quam.','1974-03-29 01:05:23','2021-02-15 10:13:56'),(298,298,3,8,'NV','Tremblay','924 re',45,NULL,3,5,546.90,'Voluptate maxime cum eos. Rerum quis eum accusantium et. Consequatur quisquam recusandae corrupti placeat corrupti est. Perferendis adipisci error rerum facere et dolores laudantium sit.','1995-08-03 23:59:57','1987-06-13 13:39:04'),(299,299,4,9,'PA','Haley','138 ud',11,NULL,1,9,766157.00,'Laborum iure ipsa qui voluptates. Exercitationem soluta odit ipsa ut voluptas. Assumenda pariatur ut consectetur consequatur in. Sint omnis et neque.','1970-04-13 07:20:07','1997-08-13 16:39:06'),(300,300,5,10,'LA','Pfannerstill','528 cc',115,NULL,3,4,100.58,'Ut quis doloribus unde quisquam sed dolor id. Quia sunt maxime nobis qui qui at maiores. Repudiandae et eveniet ut omnis sed est. Perferendis labore quos debitis odio animi architecto.','2019-01-02 18:11:22','1982-07-14 05:34:21');

UPDATE real_estate 
set city_id = (											-- Город объекта должен совпадать с городом офиса
	SELECT b.city_id 
	FROM branches b 
	LEFT JOIN staff_branches sb ON sb.branches_id = b.id 
	LEFT JOIN staff s ON s.id = sb.staff_id 
	LEFT JOIN contracts c ON c.staff_id = s.id 
	WHERE contract_id = c.id 
	);

INSERT INTO `portfolio` VALUES 
(1,1,'photo','adipisci',0,'1975-01-08 02:50:40','2010-05-13 01:02:21'),
(2,2,'video','eos',163067561,'1988-12-21 00:23:56','1981-12-09 17:31:01'),
(3,3,'video','totam',99975373,'1982-03-15 15:24:45','1995-12-28 21:09:15'),
(4,4,'photo','beatae',409039861,'2002-02-05 04:03:18','1990-03-18 10:11:19'),
(5,5,'photo','est',0,'2010-08-23 00:22:08','2014-10-06 01:16:46'),
(6,6,'photo','inventore',0,'1991-05-28 10:57:20','1980-03-14 00:06:09'),
(7,7,'photo','magni',9,'1990-09-24 21:47:14','1986-02-02 04:12:04'),
(8,8,'photo','reiciendis',3382058,'1988-05-11 22:51:11','2004-06-06 01:36:49'),
(9,9,'photo','consequatur',40591,'2015-02-10 15:03:59','1974-07-04 00:57:36'),
(10,10,'video','tempore',3820,'1994-06-11 23:08:39','1988-11-18 08:14:04'),
(11,11,'video','ab',9875856,'1975-07-02 05:54:02','2012-08-19 13:17:10'),
(12,12,'video','sunt',29427887,'1981-11-29 21:42:56','1982-12-26 09:00:38'),
(13,13,'video','eveniet',0,'1977-11-13 13:27:34','2015-04-13 20:41:03'),
(14,14,'photo','sed',55474737,'2002-08-31 03:05:59','1989-10-03 23:33:25'),
(15,15,'photo','dignissimos',24351769,'1992-10-08 23:00:46','2006-10-24 12:10:26'),
(16,16,'photo','repellendus',705799,'1971-07-21 22:19:02','2007-01-02 00:02:30'),
(17,17,'photo','quisquam',9460224,'1976-12-17 10:24:07','1974-04-11 21:15:36'),
(18,18,'photo','quia',5265603,'2006-02-04 15:57:09','2014-12-29 16:08:52'),
(19,19,'photo','quo',520,'2016-01-05 08:59:20','1977-05-27 03:25:59'),
(20,20,'photo','nihil',437,'2007-04-03 18:55:56','2014-06-08 14:50:25'),(21,21,'photo','qui',7,'1989-04-30 00:40:44','2017-01-13 23:05:18'),(22,22,'video','vel',55467,'2016-04-06 10:04:42','1973-09-21 06:42:55'),(23,23,'photo','quia',757433,'2002-03-14 11:12:47','2017-07-15 23:36:42'),(24,24,'video','rerum',870471,'2012-08-28 09:58:11','1991-04-03 21:01:04'),(25,25,'video','saepe',49405779,'1995-11-04 08:12:46','1982-09-26 14:46:11'),(26,26,'photo','illum',3051,'2009-09-18 00:23:18','1990-09-02 03:54:58'),(27,27,'photo','iusto',73,'1974-04-21 05:44:53','2010-04-06 05:34:09'),(28,28,'photo','eum',35094462,'2021-06-07 11:45:43','1977-01-10 14:37:58'),(29,29,'photo','ad',0,'2003-03-21 09:43:16','1995-02-17 14:20:59'),(30,30,'photo','fuga',136440,'2013-11-07 19:27:38','1984-01-04 03:54:30'),(31,31,'photo','sed',3772,'1999-09-08 04:40:51','2016-12-18 08:27:56'),(32,32,'video','rerum',682479214,'1999-07-21 13:06:18','2014-02-21 01:56:07'),(33,33,'photo','ut',4,'1983-09-16 23:52:27','1995-01-20 18:51:28'),(34,34,'video','repudiandae',676131,'2011-12-10 16:00:01','2017-06-24 20:56:37'),(35,35,'photo','delectus',2500570,'2006-07-21 17:27:47','1981-07-30 14:00:12'),(36,36,'photo','eos',92,'2012-02-24 16:44:37','1977-10-12 17:25:19'),(37,37,'photo','repudiandae',60385,'1973-10-23 23:41:43','2009-10-20 18:32:50'),(38,38,'photo','ullam',71539,'2018-04-17 15:25:02','2000-06-27 07:46:53'),(39,39,'photo','rerum',466382088,'1981-09-26 16:03:54','1986-07-27 05:18:21'),(40,40,'photo','fuga',0,'2013-01-14 01:44:15','1996-06-06 19:58:08'),(41,41,'video','a',7444,'1971-11-01 19:22:47','2005-11-18 11:40:20'),(42,42,'photo','at',493,'2008-12-29 13:43:06','1974-07-28 01:07:58'),(43,43,'video','atque',315686,'2015-02-06 21:00:44','1997-05-18 05:12:18'),(44,44,'video','accusamus',312004,'2019-08-11 14:06:00','2017-01-07 23:01:56'),(45,45,'video','dolor',22806931,'1981-09-15 01:21:56','1993-09-21 13:14:34'),(46,46,'photo','dolor',393,'2004-01-14 11:56:22','2013-07-08 01:57:11'),(47,47,'photo','maiores',968,'1993-12-07 15:27:36','1989-02-15 05:33:58'),(48,48,'photo','at',414442,'2020-10-19 16:58:07','1982-09-24 21:19:38'),(49,49,'photo','eos',0,'2013-09-01 12:37:57','1976-10-08 21:20:30'),(50,50,'photo','qui',80937,'2000-04-16 21:16:15','2012-08-20 12:00:44'),(51,51,'video','aperiam',31,'2014-05-01 01:25:27','1995-03-04 12:17:06'),(52,52,'video','praesentium',10942,'1982-11-13 12:08:52','2003-01-30 07:04:26'),(53,53,'video','corporis',31837,'1996-08-14 01:08:21','1970-04-22 21:08:15'),(54,54,'video','ratione',8516,'2016-10-08 05:32:38','2013-08-23 04:05:58'),(55,55,'photo','laboriosam',23710,'1992-11-04 08:32:39','2003-11-29 17:37:43'),(56,56,'photo','recusandae',65,'1981-05-21 20:10:39','2017-09-18 05:04:45'),(57,57,'video','est',0,'2017-03-30 07:43:38','1993-10-29 11:20:51'),(58,58,'video','libero',4427827,'1979-06-17 05:21:02','2019-12-24 21:32:42'),(59,59,'photo','numquam',27,'2009-04-13 23:07:12','2002-08-05 08:26:21'),(60,60,'photo','sit',24083,'2010-03-23 13:06:23','1979-01-22 11:03:27'),(61,61,'photo','est',81926,'1999-06-08 17:30:44','1996-11-05 05:11:17'),(62,62,'video','ut',0,'1996-07-01 15:55:59','2001-06-14 19:37:26'),(63,63,'video','error',284330,'1978-10-07 19:02:41','1983-05-24 18:43:16'),(64,64,'photo','qui',777827139,'1997-06-16 16:06:48','1975-09-13 23:54:12'),(65,65,'photo','fugiat',6829,'1977-09-05 15:07:22','1985-09-17 11:05:55'),(66,66,'video','commodi',680958,'1981-10-20 16:13:05','1972-11-21 19:23:45'),(67,67,'photo','officia',5998,'1975-08-04 23:31:10','2001-09-22 20:55:44'),(68,68,'video','molestias',0,'1977-09-11 14:16:06','2020-08-23 12:52:16'),(69,69,'photo','dignissimos',0,'1988-02-27 15:36:43','2016-04-14 00:18:06'),(70,70,'photo','eaque',70,'2002-06-13 21:46:12','2017-04-19 09:08:48'),(71,71,'video','et',6247545,'1997-02-09 10:15:02','2016-06-20 13:43:26'),(72,72,'photo','ut',31373,'1979-01-05 10:40:19','2012-11-06 05:04:32'),(73,73,'video','nihil',138487,'1986-07-01 20:01:34','1982-05-20 14:32:26'),(74,74,'video','ipsam',49904500,'2015-08-04 00:29:12','2007-05-09 10:07:29'),(75,75,'video','voluptas',16076914,'1973-02-22 01:18:54','1987-08-02 14:56:33'),(76,76,'video','eligendi',378514,'2007-03-26 14:32:44','1987-10-02 03:37:53'),(77,77,'photo','eum',12735,'2015-09-09 18:17:46','1973-01-28 11:40:06'),(78,78,'video','deserunt',2249,'1973-05-08 17:53:59','2006-06-01 10:22:36'),(79,79,'photo','accusamus',816557,'1989-06-14 19:26:32','2000-06-10 09:11:23'),(80,80,'photo','dolorum',981,'2009-09-08 22:09:18','2001-01-15 18:13:05'),(81,81,'photo','excepturi',87,'1986-11-19 22:55:24','1992-04-01 05:18:08'),(82,82,'photo','ipsum',3124,'1982-07-23 08:25:02','1983-02-23 09:33:52'),(83,83,'photo','sunt',0,'1990-11-06 05:19:07','2014-10-19 00:00:21'),(84,84,'photo','sed',9792268,'1992-04-04 22:16:12','1970-07-23 14:30:52'),(85,85,'photo','odit',0,'2007-07-01 23:36:07','2016-07-14 17:04:34'),(86,86,'photo','minima',62328358,'1981-09-02 23:59:46','1981-07-05 08:37:19'),(87,87,'video','laudantium',0,'1996-04-01 23:15:20','2019-06-04 07:47:59'),(88,88,'photo','autem',4,'2015-07-06 08:04:44','1970-09-21 03:30:18'),(89,89,'photo','cumque',75758587,'1970-02-01 07:59:14','2000-06-14 18:21:56'),(90,90,'video','quia',8619862,'2000-03-31 05:27:14','1984-06-16 19:14:04'),(91,91,'photo','nihil',9043417,'1979-11-05 14:00:53','2009-01-28 19:26:46'),(92,92,'video','consequatur',1880460,'1987-12-29 23:30:20','1978-10-12 20:42:18'),(93,93,'video','deserunt',1,'1972-11-22 07:46:46','1981-10-05 03:43:35'),(94,94,'video','ea',96506,'1987-02-09 05:56:59','1974-04-22 23:55:49'),(95,95,'photo','ex',75,'2012-08-13 18:14:16','2004-01-07 12:06:58'),(96,96,'photo','deserunt',251,'2003-07-06 01:54:45','2021-05-11 19:57:37'),(97,97,'photo','qui',0,'1985-05-11 17:16:44','2002-03-06 17:03:45'),(98,98,'photo','et',9372494,'1992-03-24 03:36:37','1973-11-23 04:49:25'),(99,99,'photo','sed',24185555,'1992-05-06 21:50:09','2011-08-07 16:43:27'),(100,100,'photo','et',0,'1989-04-04 14:10:15','2009-01-21 17:56:02'),(101,101,'video','voluptas',129291643,'2016-04-22 01:42:38','2014-07-25 23:22:10'),(102,102,'video','et',9937046,'1972-05-25 19:30:38','1981-02-18 22:43:30'),(103,103,'video','perferendis',96841,'2016-03-10 01:47:17','1988-02-06 16:51:19'),(104,104,'photo','praesentium',493432048,'1992-09-30 09:01:23','2008-01-23 09:45:24'),(105,105,'photo','ab',84,'2006-01-04 03:33:59','2017-08-12 19:16:05'),(106,106,'video','autem',5790,'1992-03-23 20:21:58','2016-06-21 17:04:08'),(107,107,'photo','earum',466586,'1977-11-15 01:47:53','1986-08-28 08:30:47'),(108,108,'video','maxime',838,'2009-02-08 01:53:38','1972-09-10 00:38:07'),(109,109,'photo','accusantium',68,'2006-05-14 01:15:32','1990-10-08 00:31:35'),(110,110,'photo','sequi',810724846,'1994-08-26 13:12:40','1970-10-18 09:27:59'),(111,111,'photo','doloremque',0,'1975-08-15 03:32:43','1970-11-12 22:35:57'),(112,112,'video','qui',5765,'2011-08-25 13:37:25','1988-11-30 12:53:21'),(113,113,'video','laboriosam',515178210,'2009-02-01 14:48:14','1987-05-17 12:45:40'),(114,114,'photo','voluptas',54,'1985-10-06 08:30:15','1990-05-17 04:28:44'),(115,115,'video','inventore',13680473,'2009-01-10 20:57:59','1985-10-02 15:41:35'),(116,116,'video','fuga',4905,'1973-09-16 07:42:00','2002-01-21 07:54:06'),(117,117,'video','doloribus',6,'2006-02-17 03:04:58','1995-07-31 15:15:51'),(118,118,'video','aut',65077024,'1988-07-23 02:33:58','2010-01-18 18:43:32'),(119,119,'video','quos',87573,'1996-01-30 20:16:57','2006-06-20 22:23:36'),(120,120,'photo','distinctio',338321561,'1971-07-06 07:16:16','1977-10-31 22:22:30'),(121,121,'video','repellendus',90472541,'1977-07-13 19:04:36','2014-10-16 12:58:25'),(122,122,'photo','est',1,'1983-12-18 14:23:31','1976-02-28 00:37:33'),(123,123,'video','omnis',60121,'2003-12-18 10:15:07','2009-06-19 01:19:53'),(124,124,'photo','harum',648030,'2020-11-13 12:12:27','2012-08-05 01:02:33'),(125,125,'video','ad',79,'1972-08-12 12:53:37','2019-07-01 14:48:03'),(126,126,'video','saepe',47,'1979-11-23 07:57:36','1979-05-07 06:07:14'),(127,127,'video','at',614696322,'1991-01-21 14:08:22','1978-02-25 21:02:47'),(128,128,'photo','libero',29170,'1985-07-05 05:43:00','1978-11-11 19:23:06'),(129,129,'video','non',28896179,'1991-04-12 08:51:38','1998-04-21 04:49:30'),(130,130,'photo','ipsum',2,'1995-09-18 12:56:25','1983-07-06 05:48:31'),(131,131,'video','vitae',739398,'1987-10-16 23:13:42','1998-02-10 03:08:46'),(132,132,'video','corrupti',0,'1986-05-10 22:57:06','2020-04-28 09:41:58'),(133,133,'video','voluptas',1039281,'1990-01-21 04:00:53','1986-05-22 16:49:21'),(134,134,'video','et',4,'1998-04-28 23:14:43','1982-04-18 14:29:15'),(135,135,'video','dolore',687066653,'2007-06-02 08:29:30','2020-10-03 21:12:08'),(136,136,'video','animi',233521967,'1989-05-14 07:42:52','2018-03-24 04:30:49'),(137,137,'video','accusantium',9233,'1999-06-11 16:06:20','1997-07-04 13:56:15'),(138,138,'photo','quia',0,'1976-07-16 10:16:53','1992-06-30 05:50:25'),(139,139,'video','autem',103614,'2010-04-17 08:29:42','1976-01-21 06:03:58'),(140,140,'photo','voluptate',5194653,'1989-04-28 23:16:24','1984-01-19 04:58:21'),(141,141,'photo','debitis',7728,'2008-01-15 21:35:52','1985-02-21 01:54:59'),(142,142,'video','autem',136127,'1995-11-03 03:18:38','2007-04-16 00:17:07'),(143,143,'video','fugiat',3290190,'2009-06-30 19:28:17','2006-03-02 10:42:58'),(144,144,'photo','est',71,'2016-01-02 03:11:42','1986-03-25 11:16:03'),(145,145,'video','hic',0,'2015-11-21 05:32:53','1982-04-11 08:24:05'),(146,146,'photo','doloremque',6319,'1972-04-17 04:00:58','2013-04-12 03:22:52'),(147,147,'photo','delectus',5112,'1976-12-07 09:09:36','1990-04-18 14:08:33'),(148,148,'video','dolores',3,'2000-07-02 02:08:55','2004-04-07 07:09:51'),(149,149,'photo','illum',721359739,'1980-06-07 18:36:40','1982-01-07 08:45:56'),(150,150,'photo','quia',8435,'2019-12-19 22:30:01','2009-10-14 03:39:14'),(151,151,'photo','voluptatem',4,'1987-05-06 07:46:23','2013-11-26 23:13:36'),(152,152,'photo','consequatur',5370221,'1986-09-18 00:24:59','2004-03-03 19:28:56'),(153,153,'photo','tempora',830710,'1984-01-01 21:27:01','2010-05-20 13:01:46'),(154,154,'photo','quam',76880,'1999-08-16 01:11:29','1989-10-09 03:07:56'),(155,155,'photo','voluptas',0,'1972-06-19 20:02:03','1992-10-30 17:59:17'),(156,156,'photo','officiis',1330192,'2010-02-02 19:58:34','1995-01-01 04:41:08'),(157,157,'photo','dolores',74463415,'1999-02-15 21:48:01','1991-04-21 00:21:50'),(158,158,'video','et',99084220,'1972-08-17 01:46:33','1984-11-14 14:42:49'),(159,159,'photo','unde',80704805,'1971-12-27 03:18:53','2005-10-04 21:00:49'),(160,160,'photo','expedita',85126857,'2006-03-05 14:14:20','1973-10-29 04:03:13'),(161,161,'video','minus',4,'1979-07-22 01:47:46','1973-02-24 08:22:28'),(162,162,'photo','laborum',5,'1973-09-13 21:09:55','2012-06-01 21:24:24'),(163,163,'video','quo',11,'1989-04-23 13:18:25','1975-10-27 23:08:04'),(164,164,'video','quisquam',22781,'1984-05-19 20:49:55','2003-08-04 16:04:34'),(165,165,'video','sed',4305673,'2019-10-08 21:55:21','1972-11-22 21:09:00'),(166,166,'video','ut',455171,'1983-04-08 14:03:11','1989-04-23 15:48:09'),(167,167,'video','atque',24684344,'2018-03-20 03:35:23','2009-03-02 19:32:44'),(168,168,'video','voluptas',1532,'1982-11-15 07:13:28','1983-08-09 19:05:31'),(169,169,'photo','dolores',5364,'2001-01-04 01:25:33','1970-02-17 09:45:16'),(170,170,'photo','consectetur',6464518,'2017-11-25 23:44:23','1986-03-29 07:51:45'),(171,171,'photo','laboriosam',35,'1980-11-11 16:31:35','2011-11-14 08:57:29'),(172,172,'photo','labore',61336,'1977-09-07 04:44:13','2019-09-16 06:30:59'),(173,173,'video','sit',9311751,'1997-11-09 20:35:47','2012-09-20 11:21:40'),(174,174,'video','neque',66845,'1986-09-29 12:03:08','1991-10-31 23:59:14'),(175,175,'video','reprehenderit',1706,'1971-12-29 10:19:52','1998-05-11 18:31:04'),(176,176,'video','repudiandae',52243071,'1999-01-18 19:03:36','1997-05-17 02:38:57'),(177,177,'video','excepturi',0,'1976-08-15 00:21:25','2020-10-13 19:26:51'),(178,178,'video','dignissimos',80171055,'1970-10-02 05:02:21','1989-11-02 11:19:19'),(179,179,'photo','quam',66,'1997-10-30 16:08:10','1992-07-23 03:25:21'),(180,180,'photo','rem',730,'1987-06-16 14:23:11','2008-11-03 09:53:46'),(181,181,'video','distinctio',95787862,'2010-10-03 03:30:32','1980-05-04 21:27:15'),(182,182,'photo','expedita',1902,'1989-08-16 11:45:31','1981-12-07 16:58:50'),(183,183,'photo','eos',81,'2009-07-08 02:06:09','2017-11-04 13:23:57'),(184,184,'photo','aut',0,'2009-02-06 11:50:18','1989-12-10 10:30:48'),(185,185,'video','unde',7,'2000-03-11 06:11:45','2017-03-11 05:50:52'),(186,186,'photo','minus',163971500,'1998-02-20 14:24:34','2001-01-02 20:31:05'),(187,187,'photo','molestiae',45234,'2013-04-28 01:34:00','1993-12-10 23:27:27'),(188,188,'photo','quae',123002990,'2017-09-16 17:53:11','2001-04-09 08:49:07'),(189,189,'video','inventore',107,'1980-04-27 21:43:54','2009-04-22 05:41:20'),(190,190,'photo','tenetur',1,'1974-03-14 22:51:11','2007-11-06 21:05:38'),(191,191,'video','similique',0,'1984-03-03 16:22:50','1991-03-15 05:28:15'),(192,192,'video','voluptatem',758310591,'1997-10-14 19:27:04','2009-09-14 06:18:52'),(193,193,'video','dolor',642843,'2005-11-01 12:20:15','1997-08-14 07:45:01'),(194,194,'video','ad',9,'1996-12-04 01:47:42','2017-03-27 19:43:08'),(195,195,'photo','est',918529976,'1982-07-17 12:51:49','1975-11-26 23:04:47'),(196,196,'photo','adipisci',74966659,'1980-10-26 07:13:27','1980-12-25 22:55:16'),(197,197,'photo','fuga',39605,'2020-03-10 08:52:15','1974-04-25 03:10:22'),(198,198,'video','aut',31,'1978-08-07 02:24:26','1995-07-18 18:08:49'),(199,199,'photo','nihil',27071201,'2009-08-02 07:43:03','1990-11-07 17:41:36'),(200,200,'video','numquam',8948,'1998-07-09 13:30:20','1985-08-21 19:46:13'),(201,201,'video','aut',7450711,'1994-10-28 01:22:16','2004-09-01 07:56:20'),(202,202,'photo','est',331,'2020-06-23 16:03:20','1972-10-06 12:03:18'),(203,203,'photo','repellendus',9,'1996-02-22 03:36:06','1989-03-28 19:24:40'),(204,204,'video','id',205704770,'2006-02-01 18:44:16','1993-07-09 19:48:03'),(205,205,'photo','dolorem',997093752,'1996-11-18 02:56:19','1986-02-03 14:26:53'),(206,206,'photo','provident',93485547,'1986-08-25 01:22:35','1992-03-09 17:47:07'),(207,207,'photo','tenetur',67623790,'1978-06-13 15:57:04','1975-06-13 08:36:31'),(208,208,'video','aut',4462025,'1986-05-03 18:06:01','1990-08-13 01:01:27'),(209,209,'video','voluptas',0,'2003-08-06 23:59:25','1993-03-01 15:58:07'),(210,210,'video','debitis',767123,'2003-03-11 10:31:18','2012-08-15 13:24:32'),(211,211,'video','assumenda',26484991,'2007-02-20 12:44:26','2003-10-23 03:14:46'),(212,212,'video','consequatur',0,'2020-03-08 17:52:40','2016-04-11 04:06:15'),(213,213,'video','et',16869777,'2012-02-14 22:59:11','2004-10-19 13:14:53'),(214,214,'video','et',5756,'1990-06-27 02:31:41','1977-09-11 09:12:20'),(215,215,'video','odio',7204,'1970-01-08 14:42:47','2014-01-02 17:44:09'),(216,216,'photo','architecto',6391581,'1986-12-06 12:10:14','2000-12-19 21:48:53'),(217,217,'video','autem',766,'2000-12-06 04:51:59','2021-04-22 07:03:55'),(218,218,'photo','neque',23332,'1976-01-22 15:54:53','1982-12-15 21:38:07'),(219,219,'video','itaque',446,'1980-04-09 13:37:33','1981-03-02 06:19:29'),(220,220,'video','quis',5,'1981-04-03 09:01:26','2008-11-21 09:40:58'),(221,221,'video','voluptates',6,'2004-09-17 19:21:28','1981-11-19 18:53:40'),(222,222,'photo','culpa',53575,'1989-09-26 02:33:01','1975-04-05 18:09:04'),(223,223,'video','qui',20274838,'2012-01-19 08:10:40','1971-08-13 15:13:00'),(224,224,'photo','officia',2440526,'1987-09-26 12:19:54','1976-02-17 13:34:48'),(225,225,'video','voluptates',38620,'2016-08-17 15:16:20','2002-11-21 14:47:55'),(226,226,'photo','neque',816,'1972-05-03 23:10:25','2021-02-15 17:14:58'),(227,227,'photo','natus',42192,'2017-08-22 12:03:39','1975-12-21 10:10:01'),(228,228,'photo','quod',38,'2006-03-09 04:03:24','2017-03-25 04:09:17'),(229,229,'video','aliquam',96,'1978-01-04 09:27:56','2002-06-16 10:58:35'),(230,230,'photo','deserunt',87435,'2020-08-26 13:02:44','1984-01-24 23:54:10'),(231,231,'video','dolore',0,'2014-07-19 18:30:27','2008-08-29 18:04:56'),(232,232,'video','consequatur',498,'1971-07-10 07:44:40','1982-01-26 15:14:45'),(233,233,'video','omnis',44149350,'2010-05-26 12:39:10','2007-05-12 04:44:09'),(234,234,'video','eligendi',41921822,'1971-12-21 19:00:58','1974-03-28 11:39:36'),(235,235,'video','sed',772,'1979-04-26 14:49:49','1978-11-23 00:01:12'),(236,236,'photo','amet',41,'1981-02-15 16:10:22','1972-03-22 03:58:29'),(237,237,'photo','harum',44779,'1977-07-24 18:49:01','2009-10-28 01:35:30'),(238,238,'video','dolor',43,'2016-02-20 14:07:57','2019-01-01 06:35:50'),(239,239,'video','soluta',808,'1981-11-28 22:58:54','2018-04-01 09:07:06'),(240,240,'video','tempora',8,'2007-02-03 11:30:01','1986-06-05 08:45:02'),(241,241,'video','totam',8,'1977-09-24 19:58:14','2012-12-08 15:40:43'),(242,242,'photo','eos',482,'2006-03-12 23:53:10','2020-10-02 02:11:07'),(243,243,'photo','consectetur',9,'2017-11-14 11:01:34','2009-01-22 19:54:59'),(244,244,'video','quas',38782,'1982-06-22 10:42:04','1983-09-29 08:35:48'),(245,245,'video','id',57144082,'2017-01-22 12:17:43','1998-06-08 10:03:27'),(246,246,'photo','non',2466,'1970-03-17 13:48:52','1999-10-05 07:30:21'),(247,247,'video','perspiciatis',85,'1992-04-09 12:27:18','1992-11-20 20:02:35'),(248,248,'photo','et',68986,'1970-12-23 12:57:14','1994-10-10 01:34:41'),(249,249,'photo','odio',7,'1994-07-28 08:49:03','2013-03-04 15:28:44'),(250,250,'photo','consequatur',655140,'1970-08-04 07:42:24','1983-06-14 09:12:50'),(251,251,'video','fugit',2837,'2017-12-31 02:43:48','2004-09-14 13:34:24'),(252,252,'video','odio',6690,'1971-05-14 03:34:54','1983-01-20 06:59:07'),(253,253,'photo','nemo',690243,'1978-10-23 00:50:09','2020-07-05 13:10:44'),(254,254,'photo','fuga',60,'2012-11-03 15:54:10','1976-12-16 15:28:58'),(255,255,'video','modi',8,'1980-09-27 04:10:19','2009-09-19 23:41:27'),(256,256,'photo','quis',5297,'2017-01-20 09:44:57','2017-09-12 09:24:34'),(257,257,'photo','ut',44392951,'2008-05-08 05:15:07','2011-08-22 09:53:30'),(258,258,'photo','ullam',198,'1985-02-25 10:44:11','1977-09-04 07:47:01'),(259,259,'photo','sequi',69,'2014-01-19 15:03:12','1993-02-03 14:47:40'),(260,260,'photo','est',8407,'2003-04-06 09:59:49','2005-12-06 18:56:26'),(261,261,'photo','et',121364141,'1993-01-22 06:02:30','2001-09-10 00:54:59'),(262,262,'photo','repudiandae',11726,'2010-10-08 22:22:45','1987-07-11 06:26:58'),(263,263,'photo','consectetur',160,'1973-01-17 19:25:51','2009-08-29 07:39:50'),(264,264,'photo','earum',5095,'2001-01-20 09:52:28','1997-09-01 03:25:25'),(265,265,'video','qui',8,'2021-06-02 12:20:47','2012-09-18 14:49:15'),(266,266,'photo','in',88,'1988-12-27 23:41:43','2007-09-11 21:02:49'),(267,267,'photo','corrupti',1727386,'1981-01-23 05:46:19','1978-05-09 03:34:18'),(268,268,'photo','in',8364364,'1974-04-12 10:52:08','2007-07-04 09:41:15'),(269,269,'video','eius',761,'2003-08-06 11:20:24','1976-06-08 22:09:20'),(270,270,'video','eligendi',37,'2015-11-27 03:38:03','2017-10-18 17:07:55'),(271,271,'video','delectus',225758,'1983-09-27 17:38:22','2021-03-06 01:21:08'),(272,272,'video','rem',54471905,'2007-04-05 08:54:31','1998-06-04 23:01:50'),(273,273,'video','dolorem',827,'2019-05-15 05:11:40','1990-10-22 07:14:22'),(274,274,'photo','aut',915380,'1976-06-09 02:45:29','2011-09-25 17:39:36'),(275,275,'video','veniam',82390,'2013-06-24 04:54:09','1993-06-21 06:30:50'),(276,276,'video','provident',0,'1971-11-26 04:21:46','2010-02-11 12:01:00'),(277,277,'photo','distinctio',3351464,'2003-02-13 08:50:16','1990-01-27 10:56:56'),(278,278,'video','fugiat',5,'2005-09-10 14:06:00','2003-07-02 04:05:50'),(279,279,'video','sit',14249,'1988-12-21 07:59:51','1981-05-01 23:39:44'),(280,280,'photo','iure',37,'1987-11-09 14:07:04','1983-08-03 12:21:14'),(281,281,'video','ipsum',8208,'2021-06-07 16:53:14','2004-03-14 17:33:29'),(282,282,'photo','architecto',2786553,'2012-07-20 06:17:50','1996-09-01 16:51:43'),(283,283,'photo','quam',497,'2010-10-05 03:52:50','2000-04-16 22:53:34'),(284,284,'photo','autem',686202,'1981-09-13 13:27:27','1983-03-11 07:14:36'),(285,285,'video','amet',5,'1980-05-12 00:13:41','1987-01-09 02:17:34'),(286,286,'photo','vero',7835091,'1978-10-05 04:58:09','2002-09-26 15:19:19'),(287,287,'photo','hic',807396806,'2012-06-16 14:56:44','1976-07-08 14:29:59'),(288,288,'video','culpa',580738,'1975-07-24 19:07:34','1997-05-04 18:08:05'),(289,289,'photo','quod',9,'2017-05-13 04:30:29','1989-06-20 05:10:14'),(290,290,'photo','praesentium',5171,'1983-10-30 21:45:21','2017-04-14 05:06:43'),(291,291,'video','debitis',477,'1976-07-21 15:30:14','2010-10-10 09:09:23'),(292,292,'photo','ipsam',0,'1971-01-25 06:17:28','1998-12-17 23:45:24'),(293,293,'photo','voluptate',86,'1980-04-29 09:33:53','1982-11-12 17:46:18'),(294,294,'video','quia',814950,'2003-02-20 18:44:06','1992-07-18 07:17:30'),(295,295,'video','aliquam',464,'1989-10-25 04:26:21','1982-05-21 07:07:52'),(296,296,'photo','aperiam',402071981,'2003-09-20 06:12:18','1993-06-24 09:37:22'),(297,297,'photo','aut',0,'1998-03-31 12:49:17','2002-01-04 19:47:08'),(298,298,'photo','laudantium',181,'1986-07-21 22:44:05','2001-01-10 15:39:27'),(299,299,'photo','soluta',0,'1977-01-11 08:20:04','1978-07-10 17:17:12'),(300,300,'photo','maxime',545,'1990-09-14 12:32:03','2009-03-18 05:09:55');

-- 6.	Скрипты характерных выборок (включающие группировки, JOIN'ы, вложенные таблицы).

-- 6.1. Найти по структуре всех руководителей первого, в списке сотрудников, агента (сотрудника c минимальным id и positions.name = 'agent'). 
--      Может быть от 1 до 4 руководителей.
(SELECT s.id, (SELECT name FROM positions p WHERE p.id = s.position_id) AS `position`, s.firstname, s.lastname
FROM staff s 
	WHERE position_id = (SELECT id FROM positions WHERE name = 'agent') -- или WHERE name LIKE 'ag%', если не уверены, что название должности указано полностью
	ORDER BY s.id
	LIMIT 1)
UNION
(SELECT s.id, (SELECT name FROM positions p WHERE p.id = s.position_id) AS `position`, s.firstname, s.lastname
FROM staff s 
	WHERE s.id = (SELECT chief_staff_id FROM staff_branches sb WHERE staff_id = 
		(SELECT s.id FROM staff s WHERE position_id = (SELECT id FROM positions WHERE name = 'agent') 
		ORDER BY s.id
		LIMIT 1)))
UNION						
(SELECT s.id, (SELECT name FROM positions p WHERE p.id = s.position_id) AS `position`, s.firstname, s.lastname
FROM staff s 
	WHERE s.id = (SELECT chief_staff_id FROM staff_branches sb WHERE staff_id = 
		(SELECT s.id FROM staff s WHERE s.id = (SELECT chief_staff_id FROM staff_branches sb 
											WHERE staff_id = (SELECT s.id FROM staff s WHERE position_id = (SELECT id FROM positions WHERE name = 'agent') 
		ORDER BY s.id
		LIMIT 1)))))
UNION 
(SELECT s.id, (SELECT name FROM positions p WHERE p.id = s.position_id) AS `position`, s.firstname, s.lastname
FROM staff s 
	WHERE s.id = (SELECT chief_staff_id FROM staff_branches sb WHERE staff_id =
		(SELECT s.id FROM staff s WHERE s.id = (SELECT chief_staff_id FROM staff_branches sb 
											WHERE staff_id = (SELECT s.id FROM staff s 
															WHERE s.id = (SELECT chief_staff_id FROM staff_branches sb WHERE staff_id = 
																(SELECT s.id FROM staff s WHERE position_id = (SELECT id FROM positions WHERE name = 'agent') 
																ORDER BY s.id
																LIMIT 1)))))))
UNION 
(SELECT s.id, (SELECT name FROM positions p WHERE p.id = s.position_id) AS `position`, s.firstname, s.lastname
FROM staff s 									  -- точно знаем, что выше только единственный генеральный директор, поэтому можем найти по названию должности 
	WHERE position_id = (SELECT id FROM positions WHERE name = 'gen_dir')) -- или WHERE name LIKE 'gen%', если не уверены как точно указано название должности
;

-- 6.2. Задан некоторый офис. Найти всех сотрудников этого офиса и их должности.
SELECT b.id, b.office_name, s.firstname, s.lastname, p.name `position`
FROM branches b 
JOIN staff_branches sb ON sb.branches_id = b.id 
JOIN staff s ON sb.staff_id = s.id 
JOIN positions p ON p.id = s.position_id 
WHERE b.id = 1
ORDER BY `position`, s.lastname 
;

-- 6.3. Подсчитать количество всех договоров всех сотрудников заданного директора, например, последнего по списку (positions.name = director). 
--      Не включая договоры, заключенные им самим.
SELECT COUNT(*) AS contracts_cnt, (SELECT id FROM staff s WHERE position_id = (SELECT id FROM positions WHERE name = 'director') ORDER BY id DESC LIMIT 1) dir_id,
								  (SELECT lastname FROM staff s WHERE position_id = (SELECT id FROM positions WHERE name = 'director') ORDER BY id DESC LIMIT 1) lastname,
								  (SELECT firstname FROM staff s WHERE position_id = (SELECT id FROM positions WHERE name = 'director') ORDER BY id DESC LIMIT 1) firstname
FROM contracts c 
WHERE staff_id IN (SELECT staff_id FROM staff_branches sb WHERE chief_staff_id = 
													(SELECT id FROM staff s WHERE position_id = (SELECT id FROM positions WHERE name = 'director') ORDER BY id DESC LIMIT 1))
	 OR staff_id IN (SELECT staff_id FROM staff_branches sb WHERE chief_staff_id IN
	 												(SELECT staff_id FROM staff_branches sb WHERE chief_staff_id = 
													(SELECT id FROM staff s WHERE position_id = (SELECT id FROM positions WHERE name = 'director') ORDER BY id DESC LIMIT 1)))
;

-- 6.4. Выбрать информацию об объектах компании в Нижнем Новгороде, отсортировать по цене по убыванию. 
--      При этом, если цена = 0, вывести эти строки в начале (например, с целью последующей корректировки).
SELECT re.id, re.contract_id, re.real_estate_type_id, c.name city, re.district, re.street, re.building, re.apartment, re.`square_m^2`, re.num_room, re.`floor`, re.price, re.notes
FROM real_estate re
JOIN cities c ON re.city_id = c.id
WHERE c.name = 'N.Novgorod'
ORDER BY CASE
        WHEN re.price = 0 THEN 0
        else 1
    	END, 
    	re.price DESC
;
    
-- 6.5. Из таблицы contracts необходимо извлечь договоры, заключенные с января по май включительно в 2021 г., и из таблицы customers соответствующих клиентов.
--      Если по каким-то причинам допущено, что соответствующий договору клиент может отсутствовать в таблице, данные о договоре всё равно должны выводиться.
SELECT c.id, c.staff_id, c.aim, c.status, c.created_at, c.customer_id, CONCAT (c2.firstname, ' ', c2.lastname) clients_name, c2.email, c2.phone 
FROM contracts c 
LEFT JOIN customers c2 ON c2.id = c.customer_id 
WHERE TIMESTAMPDIFF (DAY, c.created_at, '2021-05-31') <= 151 AND c.created_at <= '2021-05-31'
ORDER BY c.created_at 
;

-- 6.6. Подсчитать средний возраст сотрудников из всех городов сети.
SELECT ROUND(AVG(TIMESTAMPDIFF(YEAR, p.birthday, NOW())), 0) AS age_avg, 
	   (SELECT name FROM cities c WHERE p.city_id = c.id) AS city
FROM profiles p
GROUP BY p.city_id 
ORDER BY age_avg DESC
;

-- 7.	Представления.
-- 7.1. Представление, которое выводит имя и фамилию сотрудника, должность, название и адрес офиса приписки.
CREATE OR REPLACE VIEW v_staff_office (`position`, agents_name, office, city, address) 
									AS SELECT p.name, CONCAT(s.firstname, ' ', s.lastname), b.office_name, c.name, b.address
FROM branches b 
LEFT JOIN staff_branches sb ON sb.branches_id = b.id 
LEFT JOIN staff s ON sb.staff_id = s.id 
LEFT JOIN positions p ON p.id = s.position_id 
LEFT JOIN cities c ON c.id = b.city_id 
ORDER BY c.name, p.name;

SELECT `position`, agents_name, office, city, address FROM v_staff_office; 

-- 7.2. Представление, которое выводит id, имя и фамилию менеджеров (staff.position_id = 2) и количество агентов под их руководством.
CREATE OR REPLACE VIEW v_manager_agents (id, managers_name, agents_cnt) 
AS SELECT sb.chief_staff_id, CONCAT((SELECT s.firstname WHERE s.id = sb.chief_staff_id), ' ', (SELECT s.lastname WHERE s.id = sb.chief_staff_id)), COUNT(*)
FROM staff_branches sb
JOIN staff s ON chief_staff_id = s.id 
WHERE sb.chief_staff_id IN (SELECT s.id WHERE s.position_id = 2)
GROUP BY sb.chief_staff_id
ORDER BY COUNT(*) DESC;

SELECT id, managers_name, agents_cnt FROM v_manager_agents;

-- Выборка без JOIN для сверки представления:
/*SELECT chief_staff_id, (SELECT lastname FROM staff s WHERE s.id = sb.chief_staff_id) lastname, COUNT(*) 
FROM staff_branches sb
WHERE chief_staff_id IN (SELECT id FROM staff WHERE position_id = 2)
GROUP BY chief_staff_id
ORDER BY COUNT(*) DESC;*/

-- 8.	Хранимые процедуры / триггеры.

-- 8.1. Процедура для вставки заданного числа тестовых записей в staff_branches (id сотрудника, id офиса, id непосредственного руководителя сотрудника), 
--      при условии, что сотрудник равный по статусу не может руководить равными или вышестоящими.
--      Процедура применена выше для наполнения БД данными.
/*DROP PROCEDURE IF EXISTS p_staff_branches_100;
DELIMITER //
CREATE PROCEDURE p_staff_branches_100 (num INT)
BEGIN
	DECLARE i INT DEFAULT 1;
	WHILE i <= num DO
		INSERT INTO staff_branches VALUES 
		(i, (SELECT FLOOR(RAND()*20) + 1), (SELECT id FROM staff WHERE (position_id > (SELECT position_id FROM staff WHERE id = i)) AND id != i ORDER BY RAND() LIMIT 1));
		SET i = i + 1;
	END WHILE;
END //
DELIMITER ;

SET @num = 100;
CALL p_staff_branches_100(@num);*/

-- 8.2. Процедура, с помощью которой выводится информация об актуальных (contracts.status = 'actual') коммерческих помещениях (real_estate_types.name = 'commerce') 
--      на продажу (contracts.aim = 'for_sale') в заданном офисе.
DROP PROCEDURE IF EXISTS p_flats_for_sale_office;
DELIMITER //
CREATE PROCEDURE p_flats_for_sale_office (office VARCHAR(150))
BEGIN
WITH all_flats_info AS (
	SELECT b.office_name, c.staff_id, re.contract_id, c.status, c.aim, ret.name `type`, c2.name city, re.district, re.street, re.building, re.apartment, re.`square_m^2`, re.num_room, re.`floor`, re.price
	FROM branches b 
	LEFT JOIN staff_branches sb ON sb.branches_id = b.id 
	LEFT JOIN staff s ON s.id = sb.staff_id 
	LEFT JOIN contracts c ON c.staff_id = s.id 
	LEFT JOIN real_estate re ON re.contract_id = c.id 
	LEFT JOIN real_estate_types ret ON ret.id = re.real_estate_type_id 
	LEFT JOIN cities c2 ON c2.id = re.city_id 
	)
	SELECT office_name, staff_id, contract_id, status, aim, `type`, city, district, street, building, apartment, `square_m^2`, num_room, `floor`, price
	FROM all_flats_info afi 
	WHERE office_name = office AND status = 'actual' AND `type` = 'commerce' AND aim = 'for_sale';
END //
DELIMITER ;

-- Проверим наличие/отсутствие догворов/объектов по заданным параметрам:
SET @office = 'Raketa';					-- тест 1, офис Ракета
CALL p_flats_for_sale_office(@office);

SET @office = 'Mechta';					-- тест 2, офис Мечта
CALL p_flats_for_sale_office(@office);

-- 8.3. Триггер, устанавливающий площадь объекта = 5, в случае попытки вставить меньшее значение в поле real_estate.square_m^2.
DELIMITER //
DROP TRIGGER IF EXISTS check_square//
CREATE TRIGGER check_square 
BEFORE INSERT ON real_estate
FOR EACH ROW BEGIN
	IF NEW.`square_m^2` < 5 THEN
	SET NEW.`square_m^2` = 5;
	END IF;
END//
DELIMITER ;

INSERT INTO real_estate (city_id, street, building, apartment, `square_m^2`) VALUES (1, 'Lenina', '20A', 9, 3.8); -- тест

-- 8.4. Триггер, выводящий предупреждение (ошибку), при обновлении поля 'пол' (profiles.gender) и попытке изменения значения, на несоответствующее 'm'(male) или 'f'(female).
DELIMITER //
DROP TRIGGER IF EXISTS check_gender//
CREATE TRIGGER check_gender 
BEFORE UPDATE ON profiles
FOR EACH ROW BEGIN
	IF NEW.gender <> 'm' AND NEW.gender <> 'f' THEN
		SIGNAL SQLSTATE '45000' SET MESSAGE_TEXT = 'UPDATE canceled, VALUES must be "m" OR "f"';
	END IF;
END//
DELIMITER ;

UPDATE profiles 		-- тест
	SET gender = 'ж'
	WHERE staff_id = 1;
